{"Fid":"fUk4vTlITQS4AwkmOEC3Vg","Status":3,"AuthToken":"eyJhbGciOiJFUzI1NiIsInR5cCI6IkpXVCJ9.eyJhcHBJZCI6IjE6NTI1MTQ4MTcxMDM4OmFuZHJvaWQ6MTUxOGVkYzAyOTBhMjBkMSIsImV4cCI6MTc2NzUxOTEzMiwiZmlkIjoiZlVrNHZUbElUUVM0QXdrbU9FQzNWZyIsInByb2plY3ROdW1iZXIiOjUyNTE0ODE3MTAzOH0.AB2LPV8wRQIgU97eIZa6Zw3yDpybQfgYyscjCvlC6zpHXSOvEpYLqQsCIQCXt1G_Mj3eTz1MmXrgdrkvjdwYLoydE9F2W3jH9GEaGw","RefreshToken":"3_AS3qfwJm1YS0ToRIflHC3MGJTE0WKO8607hJgp31gzm6eBJ_Vy7sU8JwhMH-OKiax_guZhI9IHphoH3og9oPpeWySpnXxRG3QLUbNGlmxoIRcFQ","TokenCreationEpochInSecs":1766914332,"ExpiresInSecs":604800}