{"0.6rc9":{"certificates_v1.zip":{"hash":"3bff86b4243ff038625fa500c772f1ef"}},"godel":{"1.0.872":{"v1-config.zip":{"hash":"b9552b9be2ac6e0b09e5c00bce1e5d69"}},"1.0.874":{"v1-config.zip":{"hash":"f370b5794b072bb53e69cf680f14905c"}},"1.0.875":{"v1-config.zip":{"hash":"ecebfb4e12ab41a644d71a996d638866"}},"1.0.876":{"v1-config.zip":{"hash":"dfda15e42281c7d20d5527b916703cf3"}},"1.0.877":{"v1-config.zip":{"hash":"8c6d7c005ae37b9340371ef9ec5d4517"}},"1.0.878":{"v1-config.zip":{"hash":"08e113ea026b030d2711d0b314c852de"}},"1.0.879":{"v1-config.zip":{"hash":"903e6ed0318b6ee153bd370bd306d8c7"}},"1.0.880":{"v1-config.zip":{"hash":"75d1378aa77b012afd6dee181feafffc"}},"1.0.881":{"v1-config.zip":{"hash":"e3533616b64d70fe9abdb46598e765dc"}},"1.0.882":{"v1-config.zip":{"hash":"da09db230d3925a2e9de548533d21857"}},"1.0.883":{"v1-config.zip":{"hash":"4f6b7651b7846d1fa8324504ea609f75"}},"1.0.884":{"v1-config.zip":{"hash":"b57ebb2d75d4431aa1e18b179adf4551"}},"1.0.885":{"v1-config.zip":{"hash":"1177f94ccb828a682cff067aa0395874"}},"1.0.886":{"v1-config.zip":{"hash":"a9dcdddd256bbdee9c7bcaf57f44e7c7"}},"1.0.887":{"v1-config.zip":{"hash":"29985795ebb65894f3a4db137265a786"}},"1.0.888":{"v1-config.zip":{"hash":"a1eac123cf10be0d950fb92cd444c398"}},"1.0.889":{"v1-config.zip":{"hash":"1f842a6fa3539128e9eeff48401b2ae8"}},"1.0.890":{"v1-config.zip":{"hash":"705e1f097f6aa755e91790f7c5111c50"}},"1.0.891":{"v1-config.zip":{"hash":"9422b4c550e5ed00747be533dfbf150b"}},"1.0.892":{"v1-config.zip":{"hash":"59a0e0781b91dffaa7aa5b6f19355f72"}},"1.0.893":{"v1-config.zip":{"hash":"6316b169dc489c398923b5d541282a98"}},"v1-config.zip":{"hash":"b9552b9be2ac6e0b09e5c00bce1e5d69"}},"juspay":{"beckn":{"in.juspay.beckn.transporter":{"beta":{"1.0rc1":{"v1-index_bundle.zip":{"hash":"90d08edb56704a003db417cb6b1b63be"}}},"release":{"1.0rc1":{"v1-index_bundle.zip":{"hash":"6d82a5e7c6b063abb0d5cf7f6baf4fb2"}}}},"in.juspay.becknui":{"beta":{"1.0rc1":{"v1-index_bundle.zip":{"hash":"a0f705326b700dccb5319f1364a0760c"}}}},"in.juspay.becknuser":{"beta":{"1.0rc1":{"v1-index_bundle.zip":{"hash":"f3132dc144e3767a707ed912d408e797"}}},"release":{"1.0rc1":{"v1-index_bundle.zip":{"hash":"1f2c966d92912279a978026d15544614"}}}},"net.openkochi.yatri":{"beta":{"1.0rc1":{"v1-index_bundle.zip":{"hash":"924cb292896c7f1d7a9cbafc0d8fa13f"}}},"release":{"1.0rc1":{"1.0rc1_130":{"v1-index_bundle.zip":{"hash":"9042f882ab7c2bf09e563c505fafb96a"}},"1.0rc1_131":{"v1-index_bundle.zip":{"hash":"b308a93da4620865e221e5bd45369f54"}},"1.0rc1_132":{"v1-index_bundle.zip":{"hash":"6406de5d0ad17f45750c738657c8b87a"}},"1.0rc1_134":{"v1-index_bundle.zip":{"hash":"02b58e2492109e276243647d2e6806f3"}},"1.0rc1_135":{"v1-index_bundle.zip":{"hash":"58941571c4b802f76b7779198cc2f541"}},"1.0rc1_136":{"v1-index_bundle.zip":{"hash":"1ed484b3a7089c195fbfd2db0fd713c1"}},"1.0rc1_137":{"v1-index_bundle.zip":{"hash":"7533e9140c79a73734313fdf2569c38a"}},"1.0rc1_138":{"v1-index_bundle.zip":{"hash":"1d4f9ac21eae17f4fad95d385549438f"}},"1.0rc1_139":{"v1-index_bundle.zip":{"hash":"fc909139f986251a42a185eb2dd8fbf5"}},"1.0rc1_140":{"v1-index_bundle.zip":{"hash":"9ea5fbd74bd1a52b8aeb2fe910069dd4"}},"1.0rc1_141":{"v1-index_bundle.zip":{"hash":"63d666834e67d2a0db3f84b8333bc293"}},"1.0rc1_142":{"v1-index_bundle.zip":{"hash":"2e74f111cd46dd51f7a47abc02f40501"}},"1.0rc1_143":{"v1-index_bundle.zip":{"hash":"1e58a5d698907fc0b13d2428545dfcf0"}},"1.0rc1_144":{"v1-index_bundle.zip":{"hash":"e3008d49d2baf06451af5bd203dcda08"}},"1.0rc1_145":{"v1-index_bundle.zip":{"hash":"b1e05346eb1ee6c77e036ac9d27cb96d"}},"1.0rc1_146":{"v1-index_bundle.zip":{"hash":"ef5facda4e85ef1a8c5fc9af34fec29b"}},"1.0rc1_147":{"v1-index_bundle.zip":{"hash":"8647d98c10d15da2270b8b24f37af0b5"}},"v1-index_bundle.zip":{"hash":"5f10f4955a3a50d290dbe46ab9746e8b"}},"IOS":{"1.0rc1":{"1.0rc1_130":{"v1-index_bundle.zip":{"hash":"987a6b21ed5b9696802c6502130b1ea5"}},"1.0rc1_131":{"v1-index_bundle.zip":{"hash":"296bfa531016f620507c2011756215dc"}},"1.0rc1_132":{"v1-index_bundle.zip":{"hash":"9533f03447090db1d7df8fa085c5ce7d"}},"1.0rc1_134":{"v1-index_bundle.zip":{"hash":"eb9ebef8ad62bb3627329d3e5f08bb93"}},"1.0rc1_135":{"v1-index_bundle.zip":{"hash":"e51708898cb64c22f65faf8220aa7078"}},"1.0rc1_136":{"v1-index_bundle.zip":{"hash":"df4fef85d7fc5305571f417e54cba51f"}},"1.0rc1_137":{"v1-index_bundle.zip":{"hash":"8841ef2177ed55e315e698693a71cb10"}},"1.0rc1_138":{"v1-index_bundle.zip":{"hash":"4910ed9b226ff7f088f97bfb008d3129"}},"1.0rc1_139":{"v1-index_bundle.zip":{"hash":"e74a7c13312a50e8de6349af7108a021"}},"1.0rc1_140":{"v1-index_bundle.zip":{"hash":"94d7266e58b7c3b00e054e277e146cd2"}},"1.0rc1_141":{"v1-index_bundle.zip":{"hash":"973d35d4ff21a3388e92ba8df9c529fa"}},"1.0rc1_142":{"v1-index_bundle.zip":{"hash":"44b6bc12d01cd72b087b59a85a113194"}}}}}},"net.openkochi.yatripartner":{"beta":{"1.0rc1":{"v1-index_bundle.zip":{"hash":"4522fa7e18823ed35f0c84f071ade8e5"}}},"release":{"1.0rc1":{"1.0rc1_122":{"v1-index_bundle.zip":{"hash":"89f1669e7f8f6629908dccad6bc3b991"}},"1.0rc1_123":{"v1-index_bundle.zip":{"hash":"b1b2a8f289c525fbc521a5944c9cb364"}},"1.0rc1_124":{"v1-index_bundle.zip":{"hash":"9e891410385baae4382082adf8840237"}},"1.0rc1_125":{"v1-index_bundle.zip":{"hash":"b0ef2fc245495ed830d620a7f243b416"}},"1.0rc1_126":{"v1-index_bundle.zip":{"hash":"ce00d7f8d7feac2d095778f399109815"}},"1.0rc1_127":{"v1-index_bundle.zip":{"hash":"51e8a29d1e902dfb6281fda4f93dc384"}},"1.0rc1_128":{"v1-index_bundle.zip":{"hash":"210e1c121c08ea13988388cf3d69a467"}},"1.0rc1_129":{"v1-index_bundle.zip":{"hash":"b598ae9b4ad6b6fc5838a8c9c8ea3e15"}},"1.0rc1_130":{"v1-index_bundle.zip":{"hash":"4fa1944fc187a3c614877f2fa184fe5c"}},"1.0rc1_131":{"v1-index_bundle.zip":{"hash":"6213d14468ea2578b6c1870ea84b06e9"}},"1.0rc1_132":{"v1-index_bundle.zip":{"hash":"a2f6ac6197f8bef08a9567cad147f16b"}},"1.0rc1_133":{"v1-index_bundle.zip":{"hash":"364fbc945256ec402041038522530866"}},"1.0rc1_134":{"v1-index_bundle.zip":{"hash":"c2b61f0e0659ae82f6d834565bdfb2f4"}},"1.0rc1_135":{"v1-index_bundle.zip":{"hash":"827845e6a0a99df97e4ce9fed368ee59"}},"1.0rc1_146":{"v1-index_bundle.zip":{"hash":"53cce82db56867c67635b9f288a696c4"}},"v1-index_bundle.zip":{"hash":"762b724d262328b354c8978099494889"}},"IOS":{"1.0rc1":{"1.0rc1_122":{"v1-index_bundle.zip":{"hash":"22e869c7266f3533a405b404f2755675"}},"1.0rc1_123":{"v1-index_bundle.zip":{"hash":"661435abb255bb6b2d7fc0fba7b496bc"}},"1.0rc1_124":{"v1-index_bundle.zip":{"hash":"73d90d84531ed79197c2a77082f93186"}},"1.0rc1_125":{"v1-index_bundle.zip":{"hash":"debdf12a3c4e646a85efdf3e22c8c29e"}},"1.0rc1_126":{"v1-index_bundle.zip":{"hash":"39c15d348e3b88533e8e1961d08a6515"}},"1.0rc1_127":{"v1-index_bundle.zip":{"hash":"3875fed7f5f50f701d8cf165ad6628be"}},"1.0rc1_128":{"v1-index_bundle.zip":{"hash":"053fcacda35746be9cd165338f5bef83"}},"1.0rc1_129":{"v1-index_bundle.zip":{"hash":"ac9fe327fb00faeda86d565a109c4caf"}},"1.0rc1_130":{"v1-index_bundle.zip":{"hash":"3cc8b4945141c9c7db94b067d181a639"}},"1.0rc1_131":{"v1-index_bundle.zip":{"hash":"12cdf484528cab5ebdd3b5bb7b15a4e4"}}}}}}},"hyper-os":{"in.juspay.hyperos":{"beta":{"1.0rc1":{"v1-boot_loader.zip":{"hash":"fdfe80723cb8ee72750443dcb029bcf3"}},"1.0rc2":{"v1-boot_loader.zip":{"hash":"c200b0b01d445b1649fec56ee657c4d8"}}},"release":{"1.0":{"1.0.100":{"v1-config.zip":{"hash":"cffe6805a1c1409229ada8bc03ca1651"}},"1.0.101":{"v1-config.zip":{"hash":"f30a2aa3e2983b50038ae5b45855392b"}},"1.0.102":{"v1-config.zip":{"hash":"c3049d7708ca84e06418e27deabb85a5"}},"1.0.103":{"v1-config.zip":{"hash":"bb03a1c4a4320a7862522e1d31bca01d"}},"1.0.104":{"v1-config.zip":{"hash":"7c80dd9e46636215fd63c0ec56fe85cc"}},"1.0.105":{"v1-config.zip":{"hash":"1e77c135848cde53ca21bb8f563d2597"}},"1.0.106":{"v1-config.zip":{"hash":"f7d787da667062fa5784d9d646ecb546"}},"1.0.107":{"v1-config.zip":{"hash":"2f5f100c7b345928848d5dd70752ed81"}},"1.0.108":{"v1-config.zip":{"hash":"1359549ec94e5bfe291804b553034321"}},"1.0.109":{"v1-config.zip":{"hash":"373cd57bff8c380b4f50a62beb70400f"}},"1.0.110":{"v1-config.zip":{"hash":"416d523121226c08c88871e308d6a07d"}},"1.0.111":{"v1-config.zip":{"hash":"202c30472e3dc762b563c8a7dc9633e7"}},"1.0.112":{"v1-config.zip":{"hash":"bb37b15f3efff65a67995242976d1b3b"}},"1.0.113":{"v1-config.zip":{"hash":"a033a2647d72a870e872341b1a970724"}},"1.0.114":{"v1-config.zip":{"hash":"410134c3e033564d4717066da97d80b1"}},"1.0.115":{"v1-config.zip":{"hash":"5272ce9cd9eee72431fbdba4135124cd"}},"1.0.116":{"v1-config.zip":{"hash":"9bc1e130d9bd6d6bda83e4a37f240a32"}},"1.0.117":{"v1-config.zip":{"hash":"17a793650d206aaa5b10f4c3a905271b"}},"1.0.118":{"v1-config.zip":{"hash":"19f13d7eda564e444c5d82c83f32ec7d"}},"1.0.119":{"v1-config.zip":{"hash":"4e4d006051cc95a173145841c20c1440"}},"1.0.120":{"v1-config.zip":{"hash":"562fc853e6961cb93582f1f733fec7c2"}},"1.0.121":{"v1-config.zip":{"hash":"9b78ea1a117c921ce2d24e8b457655c2"}},"1.0.122":{"v1-config.zip":{"hash":"24316db96208405fac10e1b5193c029b"}},"1.0.123":{"v1-config.zip":{"hash":"ecc327b024d96cf3ddbddd3d2c5acc4a"}},"1.0.124":{"v1-config.zip":{"hash":"44ccf991cfd96ab5ffdf0c16e01196b4"}},"1.0.125":{"v1-config.zip":{"hash":"763fe1e9808e903e59091f5393a64fb5"}},"1.0.126":{"v1-config.zip":{"hash":"7faaa632881248f92aab381e578cbec8"}},"1.0.127":{"v1-config.zip":{"hash":"cc4462647e09b60f2031100ed38c8780"}},"1.0.128":{"v1-config.zip":{"hash":"3dde3d6aa75e726fc5fa0ad156c6b6bd"}},"1.0.129":{"v1-config.zip":{"hash":"b130de539d9da300c4af15c2dbc90b04"}},"1.0.130":{"v1-config.zip":{"hash":"6bc69ff758ae7496869aa01e74b3d36f"}},"1.0.131":{"v1-config.zip":{"hash":"529cfd419861b724421f5c8f79eb711e"}},"1.0.132":{"v1-config.zip":{"hash":"8a1574a73b866a39a6d97df4065a5ce9"}},"1.0.133":{"v1-config.zip":{"hash":"26bf2aa80da46623c50ad37834b5b6d0"}},"1.0.134":{"v1-config.zip":{"hash":"b3ade0e488a8cc90e5a44172456aeb19"}},"1.0.135":{"v1-config.zip":{"hash":"512a84e2bf38808ab587da158a22770a"}},"1.0.136":{"v1-config.zip":{"hash":"4429f1cc7e987fada9fb04192ea7b691"}},"1.0.137":{"v1-config.zip":{"hash":"cd09b427ade0aa440289a20bb48d8f43"}},"1.0.139":{"v1-config.zip":{"hash":"431a8bbb7d0a637e843a7d08388085da"}},"1.0.141":{"v1-config.zip":{"hash":"fb70b45cf86351ba94188d0cadf97020"}},"1.0.93":{"v1-config.zip":{"hash":"0bd92780d37ea3001f32f0ceefb6b72c"}},"1.0.94":{"v1-config.zip":{"hash":"dbb8008de21eee5663238ee7e88918b8"}},"1.0.95":{"v1-config.zip":{"hash":"3c9c4f00e26f1c03a88c18b924d79c02"}},"1.0.96":{"v1-config.zip":{"hash":"f9f61006c39a07dacbf3fdec57d2b4c1"}},"1.0.97":{"v1-config.zip":{"hash":"3ab28f3fa45f3862d1de02d27f900e9d"}},"1.0.98":{"v1-config.zip":{"hash":"1ba13e8aa86f106d5d42ccb6a340c883"}},"1.0.99":{"v1-config.zip":{"hash":"14dab5d9b16fb0d1534cf9a8b45e39c8"}}},"1.0rc1":{"v1-boot_loader.zip":{"hash":"1a3574a6596ba2f4ffcff8b466480b8b"}}}}},"in.juspay.arya":{"beta":{"1.0rc1":{"v1-index_bundle.zip":{"hash":"01bcba5b919de16da319f1429dddd474"}}},"release":{"1.0rc1":{"1.0rc1_41":{"v1-index_bundle.zip":{"hash":"d1a43502ce198aa0667cc41cb140b843"}},"1.0rc1_42":{"v1-index_bundle.zip":{"hash":"410c2fe22bb65f28d7f31cb0a428064d"}},"1.0rc1_43":{"v1-index_bundle.zip":{"hash":"a4ce8a1e0dc75c2dcb56bd694972c8bd"}},"1.0rc1_44":{"v1-index_bundle.zip":{"hash":"92da9c8e3fc613b3de4ed17867bd247e"}},"1.0rc1_45":{"v1-index_bundle.zip":{"hash":"d1e139a29361da7e4fe1e0695849e8aa"}},"v1-index_bundle.zip":{"hash":"0f44a0b3a59c2484a64cde4a325cebac"}}}},"nammayatri":{"in.juspay.nammayatri":{"release":{"android":{"1.0rc1":{"1.0rc1_1":{"v1-index_bundle.zip":{"hash":"e8316df7f708d47dbbbbf19ab0af2c69"}}}}}},"in.juspay.nammayatripartner":{"release":{"android":{"1.0rc1":{"1.0rc1_1":{"v1-index_bundle.zip":{"hash":"8963b9921c64c224233937985e2288d2"}},"1.0rc1_2":{"v1-index_bundle.zip":{"hash":"123693bb2f7ec5e4efa71b7671b7261c"}}}}}}},"payments":{"$serviceId$oldMerchant":{"beta":{"IOS":{"v1-configuration.zip":{"hash":"f68004f41bc08bcacd180ab3e82fd296"}},"v1-configuration.zip":{"hash":"1547d488d297c8e1006d8198bb8e4bba"}}},"beta":{"sdk_config.zip":{"hash":"ce1bec4f78571dd29b91d88c245b4dd6"},"v1-config.zip":{"hash":"6999648f2fe79dd732e427533f791d53"}},"in.hyper.pay.bbinstant":{"beta":{"1.0rc10":{"v1-index_bundle.zip":{"hash":"09a469190e04e99580f4b60c68282617"}},"1.0rc11":{"v1-index_bundle.zip":{"hash":"37cf7b0d224c57fd457745a6b0bb44c3"}},"1.0rc6":{"v1-index_bundle.zip":{"hash":"489ced32ba4a738b1025cf5a5e86ee78"}},"IOS":{"1.0rc12":{"v1-index_bundle.zip":{"hash":"75f85c6781b13649b0536dfefbd58a21"}}},"v1-config.zip":{"hash":"f241a8f128a1194d44712b04faa7f489"}},"release":{"1.0rc10":{"v1-index_bundle.zip":{"hash":"d09750c6589a82191db886597b7e7d03"}},"1.0rc11":{"1.0rc11_11":{"v1-index_bundle.zip":{"hash":"4748b3f1824d635e04b4b951934b22db"}},"v1-index_bundle.zip":{"hash":"782252f2365275ab55127115c7a847c0"}},"1.0rc6":{"v1-index_bundle.zip":{"hash":"8eca67151722e47e6c7dcd986ed1aeb2"}},"1.0rc8":{"v1-index_bundle.zip":{"hash":"a24178ba05a4f4b89493fff012049d25"}},"IOS":{"1.0rc12":{"v1-index_bundle.zip":{"hash":"ba8e3255b988b1b789aba635e91a35f1"},"v1-payments-in.hyper.pay-v1-index_bundle.zip":{"hash":"fe707919561730ff229a55acd06d9ff0"}},"1.0rc2":{"v1-payments-in.hyper.pay-v1-index_bundle.zip":{"hash":"cef1992a8f2cc62003a02a922b297c64"}}},"v1-config.zip":{"hash":"d2f627e7e236f0b313e14696fb1a0da5"}}},"in.hyper.pay.bigbasket":{"beta":{"1.0rc11":{"v1-index_bundle.zip":{"hash":"ba2821a95d335957db768b80d556055f"}},"IOS":{"1.0rc3":{"v1-index_bundle.zip":{"hash":"ed1ee2edc332e6e4029235fcb386d655"}},"v1-ui_config.zip":{"hash":"16b21bbb2b4ece0543585733a678951f"}},"v1-ui_config.zip":{"hash":"20f6bc8d985c6f7ac6a2330446dabbb5"}},"release":{"1.0rc11":{"1.0rc11_130":{"v1-index_bundle.zip":{"hash":"fdd9423707b3b803d543180d2169d26b"}},"1.0rc11_131":{"v1-index_bundle.zip":{"hash":"3d389b246bc0e02159e60b608244d36d"}},"1.0rc11_137":{"v1-index_bundle.zip":{"hash":"b8c9af8ef67ed5ef52ccad8173f0f585"}},"1.0rc11_138":{"v1-index_bundle.zip":{"hash":"30332d6118460a4506a2f689809fd9bb"}},"1.0rc11_139":{"v1-index_bundle.zip":{"hash":"eb0f0c2cc33b65273a2add95d764e688"}},"1.0rc11_140":{"v1-index_bundle.zip":{"hash":"677ad4f9e374ae0e7f22b2b6792d0ace"}},"1.0rc11_141":{"v1-index_bundle.zip":{"hash":"ef31026b031380cdcd1b8900db2ba08d"}},"1.0rc11_143":{"v1-index_bundle.zip":{"hash":"aed0c92cfecee794884a355f6c52c347"}},"1.0rc11_144":{"v1-index_bundle.zip":{"hash":"49e15aa3f65269374adb012455ffe983"}},"1.0rc11_145":{"v1-index_bundle.zip":{"hash":"a15b122a8b5d205299f49c394c09c12b"}},"1.11.148":{"android":{"v1-index_bundle.zip":{"hash":"5f25a2aac966c89643faf1c5a3f7b204"}}},"v1-index_bundle.zip":{"hash":"ff3e9546fd850244c855136fc9ec97cf"}},"1.5.31":{"v1-ui_config.zip":{"hash":"d9c56c7512d4c96fd344b3a69867bb36"}},"1.5.32":{"v1-ui_config.zip":{"hash":"11c41a0e4bba15d9ef26da510e574645"}},"1.5.33":{"v1-ui_config.zip":{"hash":"fcccdf2bf51e01e1b85d7fb71e285ea8"}},"1.5.34":{"v1-ui_config.zip":{"hash":"2cfdfc7fa8741871aed9fc651e3a59ff"}},"1.5.35":{"v1-ui_config.zip":{"hash":"6e1331265980314d3c9e8dc6dcbaf460"}},"IOS":{"1.0rc3":{"1.0rc3_37":{"v1-index_bundle.zip":{"hash":"2c6493c31f0b6f172f1dd4465ef4861c"}},"1.0rc3_38":{"v1-index_bundle.zip":{"hash":"43ea7c4abadc9231c923eaddf54ac0b3"}},"1.0rc3_39":{"v1-index_bundle.zip":{"hash":"0818236d87f76398a54a50b56dc6a8f5"}},"1.0rc3_40":{"v1-index_bundle.zip":{"hash":"637c4acf65a2d7e9aa1c0ee982ff51ad"}},"1.0rc3_41":{"v1-index_bundle.zip":{"hash":"e9d1c6171efa3e4645f49c06adbb50fd"}},"1.0rc3_42":{"v1-index_bundle.zip":{"hash":"168f8965510a412c0cd1c456523eee18"}},"1.0rc3_43":{"v1-index_bundle.zip":{"hash":"0493b0685dff2a44e6ab4fac07b324ec"}},"1.0rc3_44":{"v1-index_bundle.zip":{"hash":"382676a26032bd0353a989af5d5f91d5"}},"1.0rc3_45":{"v1-index_bundle.zip":{"hash":"ffc73f1df5d49718502e86f8f18dd0fe"}},"1.0rc3_46":{"v1-index_bundle.zip":{"hash":"d71bc396c86bac16d7fe837b22db475a"}},"1.0rc3_47":{"v1-index_bundle.zip":{"hash":"e643f3aedbbd8d1ddf465a799c23abc7"}},"1.0rc3_48":{"v1-index_bundle.zip":{"hash":"3be8e3d13a1066210256891407bc3383"}},"1.0rc3_49":{"v1-index_bundle.zip":{"hash":"c8e597daa4c1978b3defa1040ce371f4"}},"1.0rc3_50":{"v1-index_bundle.zip":{"hash":"861d5f4e6abc8dc505fdfa8a8c9fd7ff"}},"1.0rc3_51":{"v1-index_bundle.zip":{"hash":"b8a31660b92382088089d1fcf3547825"}},"v1-index_bundle.zip":{"hash":"1b5ff2da403539242d51ab8c897c72cf"}},"v1-ui_config.zip":{"hash":"da225d1cc35c24497ba0ccd5c139b557"}},"v1-ui_config.zip":{"hash":"dd6e6c81fcf25279084e90e4f345dfd5"}}},"in.hyper.pay.dreamplug":{"beta":{"1.0rc10":{"v1-index_bundle.zip":{"hash":"ecd8262350ff47883129fee2d6a79630"},"v1-lib_bundle.zip":{"hash":"d377ffb1ad096aecfa7864f553e781c3"}},"1.0rc11":{"v1-index_bundle.zip":{"hash":"017ea91d3626a993e5c0cbeb5e516974"},"v1-index_bundle_rc12.zip":{"hash":"cc40032ee4515984c2230f3da745855e"},"v1-lib_bundle.zip":{"hash":"99fc35b1f261113748bcc4268a21953f"}},"1.0rc12":{"v1-index_bundle.zip":{"hash":"23b35dd6f62e906553d1c3d475945c06"},"v1-lib_bundle.zip":{"hash":"3caa778e33571d6147916d528bc63f49"}},"1.0rc12_1":{"v1-index_bundle.zip":{"hash":"7358ee292670e2c2b488d5b9dabecc8d"},"v1-lib_bundle.zip":{"hash":"12fb224f35e43f70ce386ac80e86a2cc"}},"1.0rc13":{"v1-index_bundle.zip":{"hash":"ca2751ff6f947427a5e5ac43575acab4"},"v1-index_bundle_rc12.zip":{"hash":"e8feedfd0a76164a15a3231699bea315"},"v1-lib_bundle.zip":{"hash":"f4d270cf21a10ff3b61b329bc1d96061"},"v1-lib_bundle_rc12.zip":{"hash":"4d8a0f385621aa5c9de8e11aa7757005"}},"1.0rc3":{"v1-index_bundle.zip":{"hash":"9af579df9148038dbec43cc8260a8988"}},"1.0rc4":{"v1-index_bundle.zip":{"hash":"f1d7a8bd4e989be28f0395c494043a99"},"v1-payment_methods.zip":{"hash":"94f4194f02364cde6c87859ea3274403"}},"1.0rc5":{"v1-index_bundle.zip":{"hash":"20eb740f64ec680cd25409a025e7a2c9"},"v1-payment_methods.zip":{"hash":"bbb053d29881f132cd57cc89134b424d"}},"1.0rc6":{"v1-index_bundle.zip":{"hash":"26e0d292d130740168ace621317cd6b9"},"v1-lib_bundle.zip":{"hash":"6ad93cdae1f896611dc6f823da794e3f"}},"1.0rc7":{"v1-index_bundle.zip":{"hash":"e977188d5ef5efcb64712ed01a37e416"},"v1-lib_bundle.zip":{"hash":"1b8515a4db63754ff32e78075384d25c"}},"1.0rc8":{"v1-index_bundle.zip":{"hash":"dcc19d59e8bd8ad26a7a521a10f328f5"},"v1-lib_bundle.zip":{"hash":"39421eae66ade26afb80915ae31d06e8"}},"1.0rc9":{"v1-index_bundle.zip":{"hash":"a569cbef7705902a1889696f1765f2d9"},"v1-lib_bundle.zip":{"hash":"bf5f914a7c3476b046cb06a41c758276"}},"v1-config.zip":{"hash":"490cc023f49b1781271f0ad0c486e870"}},"release":{"1.0rc10":{"v1-index_bundle.zip":{"hash":"dd22c0c17b35dba6c65884a9cc1b84d0"},"v1-lib_bundle.zip":{"hash":"025fbdd349643571a647dade17b744bd"}},"1.0rc11":{"v1-index_bundle.zip":{"hash":"a69ea284dbc56eca846fbee43ac46f1f"},"v1-lib_bundle.zip":{"hash":"6a3062072a2ade1284045873fa59bb19"}},"1.0rc12":{"v1-index_bundle.zip":{"hash":"bf35d03e128cf4351a8ebd4bd3183e0c"},"v1-lib_bundle.zip":{"hash":"eb91c527ae6388d40da561e207e65eba"}},"1.0rc12_1":{"v1-index_bundle.zip":{"hash":"a42b7732449e08d4cf3b51a85586b340"},"v1-lib_bundle.zip":{"hash":"65093da7c2e907b45534d7a6b4b3f7bb"}},"1.0rc13":{"v1-index_bundle.zip":{"hash":"0e4d8ef67cb7c8c60ab9792ad03a9668"},"v1-index_bundle_rc12.zip":{"hash":"dea43345f41c5d45f4f28a4d1c146d2a"},"v1-lib_bundle.zip":{"hash":"b92bb10251a7c18bd7eef47b1167e745"},"v1-lib_bundle_rc12.zip":{"hash":"8e504133e6be5a5cbdfe7369f1b227db"}},"1.0rc3":{"v1-index_bundle.zip":{"hash":"959c1e31808b2ddbcccc0a6fef2efa5a"}},"1.0rc5":{"v1-index_bundle.zip":{"hash":"bb56a811d21463f0321e6d6dac553924"},"v1-lib_bundle.zip":{"hash":"063910c1057d8aec4205d061a8687d12"},"v1-payment_methods.zip":{"hash":"bbb053d29881f132cd57cc89134b424d"}},"1.0rc6":{"v1-index_bundle.zip":{"hash":"6187dfecc034ac687df246bf97f4617d"},"v1-lib_bundle.zip":{"hash":"0638dd536352a560f62964b97863cb16"}},"1.0rc7":{"v1-index_bundle.zip":{"hash":"2fe3d0e3c2d5685bdf8f93f0713a433c"},"v1-lib_bundle.zip":{"hash":"066272f22548ca047a0a37de3edddf1b"}},"1.0rc8":{"v1-index_bundle.zip":{"hash":"a2af49cc07ed4d529586f016ce9732f9"},"v1-lib_bundle.zip":{"hash":"9a64e002203340e3da0dec6b2549bd3a"}},"1.0rc9":{"v1-index_bundle.zip":{"hash":"27ba01a1619b45883ad57fc456ae0115"},"v1-lib_bundle.zip":{"hash":"c43459e73efc62e13d3e8875393153e6"}},"v1-config.zip":{"hash":"148f940041bc6839bc7fe1e619758cd4"}}},"in.hyper.pay.foodpanda":{"beta":{"1.0rc1":{"v1-index_bundle.zip":{"hash":"c50bcdf563724e422650331696aea684"}},"1.0rc10":{"v1-index_bundle.zip":{"hash":"2818ebbb9ccbd6fa07cd0e9bfe62b93b"}},"1.0rc11":{"v1-index_bundle.zip":{"hash":"0a588a0d2fc87811524a5d6bc3a2181c"}},"1.0rc3":{"base.zip":{"hash":"466ee919feb26e3455490d59837d3fe5"},"v1-index_bundle.zip":{"hash":"48ab9c9c71dec46cf1fdde4626374a68"}},"1.0rc5":{"v1-index_bundle.zip":{"hash":"a0e77ff5b4c806adb6b9e21283d083d8"}},"1.0rc6":{"v1-index_bundle.zip":{"hash":"c9991139038580452ca741129fe497a6"}},"v1-config.zip":{"hash":"bfc7fc920bdb4fc372a66aebb7c03aea"}},"release":{"1.0rc1":{"v1-index_bundle.zip":{"hash":"83b2094aab3191e21d9a8f909cfa2b9c"}},"1.0rc10":{"v1-index_bundle.zip":{"hash":"9f0bb8aa665c076c0c8c9bbf7098b010"}},"1.0rc2":{"v1-index_bundle.zip":{"hash":"8364f1bc78da75425c989dd5cab28dcf"}},"1.0rc3":{"base.zip":{"hash":"466ee919feb26e3455490d59837d3fe5"},"v1-index_bundle.zip":{"hash":"1bf8191207c8c30fda92c4a8f1422783"}},"1.0rc4":{"v1-index_bundle.zip":{"hash":"634a3d267dfc86580b4498f085373152"}},"1.0rc5":{"v1-index_bundle.zip":{"hash":"58564a3c41286c64fb83e466311f9f99"}},"1.0rc6":{"v1-index_bundle.zip":{"hash":"af6defb3c131cb076b617d050366f394"}},"v1-config.zip":{"hash":"eb7030b0327283fe5a4665e37b636fb5"}}},"in.hyper.pay.juspay":{"beta":{"1.0rc8":{"v1-index_bundle.zip":{"hash":"1437760445072387b681329564991fcc"}},"v1-config.zip":{"hash":"f4f4f377dcf2e60f02966743be8625bf"}},"release":{"1.0rc8":{"v1-index_bundle.zip":{"hash":"135795b9d9693b2be7054d38c0113394"}},"v1-config.zip":{"hash":"54fe5e6065e6dabd9afd1d43e9205904"}}},"in.hyper.pay.olacabs":{"beta":{"1.0rc10":{"v1-index_bundle.zip":{"hash":"4c9038a4140131cd2a2a9bebae4fba63"}},"1.0rc11":{"v1-index_bundle.zip":{"hash":"f01c614963d1e8b6ada895670109afcf"}},"1.0rc2":{"v1-index_bundle.zip":{"hash":"5f4c1dd84e7002cdeeffd904e8a9830c"}},"1.0rc4":{"v1-index_bundle.zip":{"hash":"7aeda760d01a7ac4a6743e65aae7ae35"}},"1.0rc5":{"base.zip":{"hash":"03e36071e1fe41a291c029342b57cf0c"},"v1-index_bundle.zip":{"hash":"4c6ae4ff12a91ab93f967a73b4608db2"}},"1.0rc7":{"v1-index_bundle.zip":{"hash":"6d1fc8d326d3922ea724dcd133447033"}},"1.0rc8":{"v1-index_bundle.zip":{"hash":"1dc2355157541c3dc8a821feec7cdf8e"}},"1.0rc9":{"v1-index_bundle.zip":{"hash":"4e3f787af354c17d1e96aed2fcf3a866"}},"IOS":{"1.0rc7":{"v1-index_bundle.zip":{"hash":"20004a0c1f83db67c12d8c178471b320"},"v1-payments-in.hyper.pay-v1-index_bundle.zip":{"hash":"f4daaa66458df7bb52f1ab16871685dd"}}},"v1-config.zip":{"hash":"36b45e9cdd09bef5b85eb79d37f7205b"},"v1-icons.zip":{"hash":"9f08d8a6c8b4096d9bd5d79b77863104"},"v1-strings.zip":{"hash":"e74d8f433323e09f0eb58a9ed7681093"},"v1-ui_config.zip":{"hash":"efd0e2b491fa8b81425ee174d311204c"}},"release":{"1.0rc10":{"v1-index_bundle.zip":{"hash":"787abd317bd81621f4f6c69207e9ce0c"}},"1.0rc11":{"v1-index_bundle.zip":{"hash":"dd6a6989ecd6c2ca742449e6f6dd7ae6"}},"1.0rc4":{"v1-index_bundle.zip":{"hash":"4ef695db5b10ddb8250ac3fb96a205f0"}},"1.0rc5":{"base.zip":{"hash":"450258e0fb57becefbcb07e52adad5e8"},"v1-index_bundle.zip":{"hash":"5cb20a15fba8350ccf0807d9225f9807"}},"1.0rc7":{"v1-index_bundle.zip":{"hash":"3e212b76b8b6cb2499ff652759abb6bc"}},"1.0rc8":{"v1-index_bundle.zip":{"hash":"d5e4212d5a3ef5506be53e3747ffd533"}},"1.0rc9":{"v1-index_bundle.zip":{"hash":"342a6de927bcb8856301ff42164f9a45"}},"IOS":{"1.0rc7":{"v1-index_bundle.zip":{"hash":"91fe39004d68ac77ec9b51c73e38c123"}}},"v1-config.zip":{"hash":"ae3c23aac623d293e788a20af6dbda92"}}},"in.hyper.pay.stockgro":{"beta":{"IOS":{"v1-configuration.zip":{"hash":"2d5168db94c15516607d5e80933f4b76"},"v1-strings.zip":{"hash":"7b86cc642c679b16437118d7843948d5"}},"v1-configuration.zip":{"hash":"e163f78253044aa4f2b872a81be2d8c1"},"v1-strings.zip":{"hash":"72aa066dd676e6b7bc29f8f7f1e52e9c"}}},"in.juspay.arya":{"beta":{"1.0rc1":{"v1-index_bundle.zip":{"hash":"804a29404848e38d2a2e1ad6a73d7c19"}}},"release":{"1.0rc1":{"v1-index_bundle.zip":{"hash":"e70e998a0c43a1c5561705391277c24b"}}}},"in.juspay.dotp":{"beta":{"v1-config.zip":{"hash":"5976e7d42950e2e38b73117e0dbc5834"}},"release":{"v1-config.zip":{"hash":"d1be46cb32c6ae215f492b0b963486b7"}}},"in.juspay.ec.upi":{"beta":{"1.0rc4":{"v1-index_bundle.zip":{"hash":"13d7a62234f09db5da0d963dcaf992a7"}},"1.0rc5":{"v1-index_bundle.zip":{"hash":"52be44f9694d9831ee828bc6c73b0d8b"}},"1.0rc6":{"v1-index_bundle.zip":{"hash":"1cec51c60582dedd028c8348f7325497"}},"1.0rc7":{"v1-index_bundle.zip":{"hash":"ee7889f4abd42f1091ed2b83723989f0"}},"v1-config.zip":{"hash":"a0ae15288bd90b8487d9178ebe40f497"}},"release":{"1.0.149":{"v1-config.zip":{"hash":"39e520a230202fbe826e6de3ab7e2a4f"}},"1.0.150":{"v1-config.zip":{"hash":"5ab09e8d35958c7c798b8cc0f142d430"}},"1.0rc4":{"v1-index_bundle.zip":{"hash":"9ba6a734732b02d20e3a1b9c321db8d6"}},"1.0rc5":{"v1-index_bundle.zip":{"hash":"7e42fcf39bce99c199393e6f689e4804"}},"1.0rc6":{"v1-index_bundle.zip":{"hash":"a60c0abef7d75699aa7b5d9c8f766c5f"}},"v1-config.zip":{"hash":"038f9c6f2b6de502a9a35336cd47a93a"}}},"in.juspay.ec":{"beta":{"1.0rc11":{"IOS":{"v1-index_bundle.zip":{"hash":"2a9ba45ca39639f23f04a540317481d2"}}},"1.0rc4":{"v1-index_bundle.zip":{"hash":"cdd0658d4e87415843f516eab2eb9596"}},"1.0rc5":{"v1-index_bundle.zip":{"hash":"16ff8579c95eb7fbd2c4416788ab603a"}},"1.0rc6":{"v1-index_bundle.zip":{"hash":"fbdf67b0984d9ddc9fb47cdc6aedccf4"}},"1.0rc7":{"v1-index_bundle.zip":{"hash":"698040fda25b0f7d0bc5dea6d94164f3"}},"1.0rc8":{"v1-index_bundle.zip":{"hash":"d52d559e2a4681897b2328c218744aa1"}},"IOS":{"1.0rc11":{"v1-index_bundle.zip":{"hash":"5517ef7e7fa62eb54ccc754c59a7d304"}},"v1-config.zip":{"hash":"c3237b623e9d27522b2e685567d28e95"}},"v1-config.zip":{"hash":"55f21567ff2f1776e611dc11b84f88f3"},"v1-polyfill.zip":{"hash":"8e08aea3b307d8ff1af9314d8f129ffd"}},"release":{"1.0rc4":{"v1-index_bundle.zip":{"hash":"94766e753fdbe971103753be6a7896ef"}},"1.0rc5":{"v1-index_bundle.zip":{"hash":"bdc84050f779d270f81a0abdc2e8f422"}},"1.0rc6":{"v1-index_bundle.zip":{"hash":"d1877ccbcca41466754b3d3fd0ba6b74"}},"1.0rc7":{"v1-index_bundle.zip":{"hash":"1deb78e617a5c4aace882c28a56aa599"}},"1.0rc8":{"v1-index_bundle.zip":{"hash":"728a0b1ac2cb51982e664e2c981df1ae"}},"IOS":{"1.0rc11":{"v1-index_bundle.zip":{"hash":"e30ed056f5741bd8a1ac671ce01303ad"}},"v1-config.zip":{"hash":"b14aaf5294327ff9fcbb8662cedef2e0"}},"v1-config.zip":{"hash":"01ec08875f5d676ef172339e7d3f9b8f"},"v1-polyfill.zip":{"hash":"d0bf7cb103fb2d403aaeb10db14e11dc"}}},"in.juspay.godel":{"beta":{"1.0rc1":{"v1-acs.zip":{"hash":"5b6c83c9d0553cf71ebd667c14fa1ce7"},"v1-boot_loader.zip":{"hash":"6dc73cc8b99f773bb1b5e20aa82c2c89"},"v1-index_bundle.zip":{"hash":"d3f470ebfceb4acec536ef35d75a0935"}},"1.0rc2":{"v1-acs.zip":{"hash":"91f1df3b96f60f8b198d006cf554cd45"},"v1-boot_loader.zip":{"hash":"1a675fbf2067227d1857566bc3b4ebf6"},"v1-index_bundle.zip":{"hash":"d9d746735ab3b4a22e56397d056db861"}},"1.0rc3":{"v1-acs.zip":{"hash":"383d1dc6f2418aaf59a8ea8f848d788b"},"v1-boot_loader.zip":{"hash":"ba8c13ef3e90142ed52d32aa34410edb"},"v1-index_bundle.zip":{"hash":"c87c890589ac40020afede8cd7f94623"}},"v1-config.zip":{"hash":"9f6f7a08f1acc18d86bb8418f934c552"}},"release":{"1.0rc1":{"v1-acs.zip":{"hash":"0d1cd2879b13cbcccc3ee60d1f2578a4"},"v1-boot_loader.zip":{"hash":"2e4203c6f3629b49f048597a420076ad"},"v1-index_bundle.zip":{"hash":"82d8197cf96c1ca6bbe79224854a30d8"}},"1.0rc2":{"1.0rc2_73":{"v1-acs.zip":{"hash":"5b6a8da171bae46c85f0c1254de5e5bb"}},"1.0rc2_74":{"v1-acs.zip":{"hash":"d98e863304e42149aef5129451b8b2eb"}},"1.0rc2_75":{"v1-acs.zip":{"hash":"50437eec079eefd42f630cc23221723e"}},"1.0rc2_76":{"v1-acs.zip":{"hash":"3256e54a6afd02f40353d2b0efadc120"}},"v1-acs.zip":{"hash":"6e18ff362647dcdab31a1b31e087bbf8"},"v1-boot_loader.zip":{"hash":"1a675fbf2067227d1857566bc3b4ebf6"},"v1-index_bundle.zip":{"hash":"89c09d26f2f074e5a32dd8f0f697d09e"}},"1.0rc3":{"v1-acs.zip":{"hash":"6b36a61401fe49ca396ad3420f0c8c3d"},"v1-boot_loader.zip":{"hash":"7eaedda4b85f0e15eeb0646c842bb1df"},"v1-index_bundle.zip":{"hash":"c87c890589ac40020afede8cd7f94623"}},"v1-config.zip":{"hash":"5ba956cbb4b60c222c63ce2deaa22452"}}},"in.juspay.gpay":{"beta":{"1.0rc11":{"v1-index_bundle.zip":{"hash":"f03f922b1cb7912448c6ba0a378bdb4c"}},"v1-config.zip":{"hash":"9c1198d44e9b510a62fdb19952d52694"}}},"in.juspay.upi.goibibo":{"beta":{"1.0rc1":{"v1-index_bundle.zip":{"hash":"e23ed37ae1535c15fea1613cd4565172"}},"1.0rc2":{"v1-index_bundle.zip":{"hash":"9cd4d2aaba15952f69642d3ae1ba8221"}}},"release":{"1.0rc1":{"v1-index_bundle.zip":{"hash":"7d280d07534553b2ce120af8f8141f72"}},"1.0rc2":{"v1-index_bundle.zip":{"hash":"e8891285fa82b1bb64597f0758341ed2"}}}},"in.juspay.upiintent":{"beta":{"v1-config.zip":{"hash":"94c167efdfbd1ad3b3d8d51ddeb3b6d8"}},"release":{"v1-config.zip":{"hash":"f67f6696dc05617814c509afb42a4a43"}}},"in.juspay.vies":{"IOS":{"release":{"1.0.111":{"v1-config.zip":{"hash":"9efc6f4d3dd0a5decb9693fe6cc9eb47"}},"1.0.112":{"v1-config.zip":{"hash":"506238170701489050dcb0d3878a8189"}},"1.0.114":{"v1-config.zip":{"hash":"735ca609c30d7da8ab92cf0617263fd6"}},"1.0.115":{"v1-config.zip":{"hash":"1cb983ea2db8c33a0280dad8242b6918"}},"1.0.116":{"v1-config.zip":{"hash":"5ea1e339678496d0e50eb7544545e8b5"}},"1.0.117":{"v1-config.zip":{"hash":"6a8631427730a1480e257b7be45f38b4"}},"1.0.118":{"v1-config.zip":{"hash":"51f3d09759fa507e222f17608305f990"}},"1.0.119":{"v1-config.zip":{"hash":"16ab91cd3fc5f7955da054ad9c846ea3"}},"1.0.120":{"v1-config.zip":{"hash":"50621b900c5336105bfbf6c6d8d7d364"}}}},"beta":{"1.0rc1":{"v1-index_bundle.zip":{"hash":"4458a9872e28e24abc1bd613c7b9c84d"}},"1.0rc2":{"v1-index_bundle.zip":{"hash":"cdf422accc45f96425db07867055c128"}},"1.0rc3":{"v1-index_bundle.zip":{"hash":"26ae503f7fee3755846699b28c1c44be"}},"v1-config.zip":{"hash":"c8e364e1eca69441301bfba31987d327"}},"release":{"1.0.111":{"v1-config.zip":{"hash":"336255d4d76ef4d7db301f6163b1bb8c"}},"1.0.112":{"v1-config.zip":{"hash":"b0b7a0b5459296e3115509ff92dbb595"}},"1.0.114":{"v1-config.zip":{"hash":"51ba86fe544b844bb72119c09ab6c14a"}},"1.0.115":{"v1-config.zip":{"hash":"0d161bb35396e31552d7305c13a9124d"}},"1.0.116":{"v1-config.zip":{"hash":"7624dc91c7f319fbf48555700aac99d7"}},"1.0.117":{"v1-config.zip":{"hash":"84e99dbe59e58544dd85dc4bd3905ff1"}},"1.0.118":{"v1-config.zip":{"hash":"df2057ca66acaf994374085ee711deda"}},"1.0.119":{"v1-config.zip":{"hash":"61e1d269e1d70ee15f852d0c9fce0f19"}},"1.0.120":{"v1-config.zip":{"hash":"134b7b7082a65e179f9c70513dae0e94"}},"1.0.89":{"v1-config.zip":{"hash":"361af76248b03d184b034e250d09f549"}},"1.0.90":{"v1-config.zip":{"hash":"5b73e6cef6d76f827784ac06e7b62286"}},"1.0rc1":{"v1-index_bundle.zip":{"hash":"7c263fb997e1057d6ea91aaf30668c82"}},"1.0rc2":{"v1-index_bundle.zip":{"hash":"41456f5e2de8f6c87b11d962700ce027"}},"v1-config.zip":{"hash":"daeb1bc077154e9b27f22028ac7550f2"}}},"release":{"sdk_config.zip":{"hash":"7c1cb81a0defa4700fc35a1c88e2a5da"},"v1-config.zip":{"hash":"0bd92780d37ea3001f32f0ceefb6b72c"}},"v1-config.zip":{"hash":"7c80dd9e46636215fd63c0ec56fe85cc"}},"sahay":{"in.sahay.gem":{"beta":{"1.0rc1":{"v1-index_bundle.zip":{"hash":"b95e6ef788f24e6d935f0e70ea083356"}}},"release":{"1.0rc1":{"1.0rc1_41":{"v1-index_bundle.zip":{"hash":"d1a43502ce198aa0667cc41cb140b843"}},"1.0rc1_42":{"v1-index_bundle.zip":{"hash":"c6848fd66b85cb2d8bd2db6c5f950fea"}},"1.0rc1_43":{"v1-index_bundle.zip":{"hash":"a4ce8a1e0dc75c2dcb56bd694972c8bd"}},"1.0rc1_44":{"v1-index_bundle.zip":{"hash":"92da9c8e3fc613b3de4ed17867bd247e"}},"1.0rc1_45":{"v1-index_bundle.zip":{"hash":"d1e139a29361da7e4fe1e0695849e8aa"}},"v1-index_bundle.zip":{"hash":"b2faa8ff45314fee232a7fba5b28a263"}}}}}},"hyper":{"assets":{"in.juspay.merchants":{"fonts":{"9stacks":{"Lato":{"Lato-Regular.ttf":{"hash":"2d36b1a925432bae7f3c53a340868c6e"}}},"adda52poker":{"Roboto":{"Roboto-Regular.ttf":{"hash":"df7b648ce5356ea1ebce435b3459fd60"}}},"classicrummy":{"Roboto":{"Roboto-Regular.ttf":{"hash":"df7b648ce5356ea1ebce435b3459fd60"}}},"collegedekho":{"Lato":{"Lato-Regular.ttf":{"hash":"2d36b1a925432bae7f3c53a340868c6e"}}},"common":{"Lato":{"Lato-Regular.ttf":{"hash":"2d36b1a925432bae7f3c53a340868c6e"}},"Roboto":{"Roboto-Regular.ttf":{"hash":"df7b648ce5356ea1ebce435b3459fd60"}}},"fastandup":{"Roboto":{"Roboto-Regular.ttf":{"hash":"df7b648ce5356ea1ebce435b3459fd60"}}},"formen":{"Roboto":{"Roboto-Regular.ttf":{"hash":"df7b648ce5356ea1ebce435b3459fd60"}}},"geddit":{"Lato":{"Lato-Regular.ttf":{"hash":"2d36b1a925432bae7f3c53a340868c6e"}}},"healthifyme":{"Roboto":{"Roboto-Regular.ttf":{"hash":"df7b648ce5356ea1ebce435b3459fd60"}}},"jiosaavn":{"Lato":{"Lato-Regular.ttf":{"hash":"2d36b1a925432bae7f3c53a340868c6e"}}},"joshtalks":{"Roboto":{"Roboto-Regular.ttf":{"hash":"df7b648ce5356ea1ebce435b3459fd60"}}},"kotakgenie":{"Roboto":{"Roboto-Regular.ttf":{"hash":"df7b648ce5356ea1ebce435b3459fd60"}}},"kotakinsurance":{"Roboto":{"Roboto-Regular.ttf":{"hash":"df7b648ce5356ea1ebce435b3459fd60"}}},"kukufm":{"Roboto":{"Roboto-Regular.ttf":{"hash":"df7b648ce5356ea1ebce435b3459fd60"}}},"lifecel":{"Lato":{"Lato-Regular.ttf":{"hash":"2d36b1a925432bae7f3c53a340868c6e"}}},"lifecell":{"Lato":{"Lato-Regular.ttf":{"hash":"2d36b1a925432bae7f3c53a340868c6e"}}},"makemywin":{"Roboto":{"Roboto-Regular.ttf":{"hash":"df7b648ce5356ea1ebce435b3459fd60"}}},"mamaearth":{"Roboto":{"Roboto-Regular.ttf":{"hash":"df7b648ce5356ea1ebce435b3459fd60"}}},"mamaearthacc":{"Roboto":{"Roboto-Regular.ttf":{"hash":"df7b648ce5356ea1ebce435b3459fd60"}}},"marrowmed":{"Roboto":{"Roboto-Regular.ttf":{"hash":"df7b648ce5356ea1ebce435b3459fd60"}}},"mpokket":{"Roboto":{"Roboto-Regular.ttf":{"hash":"df7b648ce5356ea1ebce435b3459fd60"}}},"nivabupa":{"Roboto":{"Roboto-Regular.ttf":{"hash":"df7b648ce5356ea1ebce435b3459fd60"}}},"photonbox":{"Roboto":{"Roboto-Regular.ttf":{"hash":"df7b648ce5356ea1ebce435b3459fd60"}}},"playerzpot":{"Roboto":{"Roboto-Regular.ttf":{"hash":"df7b648ce5356ea1ebce435b3459fd60"}}},"porter":{"Lato":{"Lato-Regular.ttf":{"hash":"2d36b1a925432bae7f3c53a340868c6e"}}},"prepbytes":{"Lato":{"Lato-Regular.ttf":{"hash":"2d36b1a925432bae7f3c53a340868c6e"}}},"seekho":{"Roboto":{"Roboto-Regular.ttf":{"hash":"df7b648ce5356ea1ebce435b3459fd60"}}},"stockgro":{"Roboto":{"Roboto-Regular.ttf":{"hash":"df7b648ce5356ea1ebce435b3459fd60"}}},"tatapower":{"Roboto":{"Roboto-Regular.ttf":{"hash":"df7b648ce5356ea1ebce435b3459fd60"}}},"tatarooftop":{"Roboto":{"Roboto-Regular.ttf":{"hash":"df7b648ce5356ea1ebce435b3459fd60"}}},"travclan":{"Roboto":{"Roboto-Regular.ttf":{"hash":"df7b648ce5356ea1ebce435b3459fd60"}}},"truefan":{"Roboto":{"Roboto-Regular.ttf":{"hash":"df7b648ce5356ea1ebce435b3459fd60"}}},"unicef":{"Roboto":{"Roboto-Regular.ttf":{"hash":"df7b648ce5356ea1ebce435b3459fd60"}}}},"porter":{"Lato":{"Lato-Regular.ttf":{"hash":"2d36b1a925432bae7f3c53a340868c6e"}}},"prepbytes":{"Lato":{"Lato-Regular.ttf":{"hash":"2d36b1a925432bae7f3c53a340868c6e"}}},"seekho":{"Roboto":{"Roboto-Regular.ttf":{"hash":"df7b648ce5356ea1ebce435b3459fd60"}}},"stockgro":{"Roboto":{"Roboto-Regular.ttf":{"hash":"df7b648ce5356ea1ebce435b3459fd60"}}},"tatapower":{"Roboto":{"Roboto-Regular.ttf":{"hash":"df7b648ce5356ea1ebce435b3459fd60"}}},"tatarooftop":{"Roboto":{"Roboto-Regular.ttf":{"hash":"df7b648ce5356ea1ebce435b3459fd60"}}},"travclan":{"Roboto":{"Roboto-Regular.ttf":{"hash":"df7b648ce5356ea1ebce435b3459fd60"}}},"truefan":{"Roboto":{"Roboto-Regular.ttf":{"hash":"df7b648ce5356ea1ebce435b3459fd60"}}},"unicef":{"Roboto":{"Roboto-Regular.ttf":{"hash":"df7b648ce5356ea1ebce435b3459fd60"}}}}},"bundles":{"config":{"in.juspay.godel":{"1.0.885":{"v1-config.zip":{"hash":"1177f94ccb828a682cff067aa0395874"}},"1.0.888":{"v1-config.zip":{"hash":"6bf46c8abde65e7fcd58bc70a9f36894"}},"1.0.889":{"v1-config.zip":{"hash":"2082ec2baa5c7136ccdf3a839a33a4fe"}},"1.0.890":{"v1-config.zip":{"hash":"01dd7cffdeebc145a0d0ee0565d757a2"}},"1.0.891":{"v1-config.zip":{"hash":"2530fc29d9954b9a229d499fa0997833"}},"1.0.892":{"v1-config.zip":{"hash":"2e053b94b455c47fcf6dc9d247d40c4b"}},"1.0.893":{"v1-config.zip":{"hash":"28d32c3b2a42d5ae1b7e295c1dd0095e"}},"1.0.894":{"v1-config.zip":{"hash":"4309173106e6ecaea1915250ba779c2b"}},"1.0.895":{"v1-config.zip":{"hash":"6e61affee44a40aacee5748ed10f4dbb"}},"1.0.896":{"v1-config.zip":{"hash":"01ddcccce31fb2384e2e83183e3d379b"}},"1.0.897":{"v1-config.zip":{"hash":"73e80e739afc13ec3c0d56ddec590f67"}},"1.1.0":{"v1-config.zip":{"hash":"824f36e6b30b264c9f9790d7cdd1448c"}}}},"in.juspay.merchants":{"fonts":{"Lato":{"Lato-Regular.ttf":{"hash":"2d36b1a925432bae7f3c53a340868c6e"}},"Roboto":{"Roboto-Regular.ttf":{"hash":"df7b648ce5356ea1ebce435b3459fd60"}}}}},"fonts":{"FiraMono-Medium.ttf":{"hash":"4396491e9f195fcad5c1372dac38cab8"},"Lato-Regular.ttf":{"hash":"2d36b1a925432bae7f3c53a340868c6e"},"Roboto-Regular.ttf":{"hash":"df7b648ce5356ea1ebce435b3459fd60"}}}}