{"v":"5.7.1","fr":29.9700012207031,"ip":0,"op":156.00000635401,"w":49,"h":24,"nm":"Comp 1","ddd":0,"assets":[{"id":"comp_0","layers":[{"ddd":0,"ind":1,"ty":3,"nm":"Null 7","sr":1,"ks":{"o":{"a":0,"k":0,"ix":11},"r":{"a":0,"k":0,"ix":10},"p":{"a":1,"k":[{"i":{"x":0,"y":1},"o":{"x":0.333,"y":0},"t":0,"s":[188.5,36,0],"to":[35.833,0,0],"ti":[-35.833,0,0]},{"t":79.9200032552083,"s":[403.5,36,0]}],"ix":2},"a":{"a":0,"k":[0,0,0],"ix":1},"s":{"a":0,"k":[100,100,100],"ix":6}},"ao":0,"ip":0,"op":157.342506408691,"st":0,"bm":0},{"ddd":0,"ind":2,"ty":4,"nm":"Mask new","td":1,"sr":1,"ks":{"o":{"a":0,"k":64,"ix":11},"r":{"a":0,"k":0,"ix":10},"p":{"a":0,"k":[75.938,34.312,0],"ix":2},"a":{"a":0,"k":[2.438,-1.688,0],"ix":1},"s":{"a":0,"k":[100,100,100],"ix":6}},"ao":0,"shapes":[{"ty":"gr","it":[{"ind":0,"ty":"sh","ix":1,"ks":{"a":0,"k":{"i":[[0,-1.657],[0,0],[1.657,0],[0,0],[0,1.657],[0,0],[-1.657,0],[0,0]],"o":[[0,0],[0,1.657],[0,0],[-1.657,0],[0,0],[0,-1.657],[0,0],[1.657,0]],"v":[[70.156,-28.438],[61.563,28.438],[58.562,31.438],[-65.266,31.438],[-68.266,28.438],[-61.047,-28.438],[-58.047,-31.438],[67.156,-31.438]],"c":true},"ix":2},"nm":"Path 1","mn":"ADBE Vector Shape - Group","hd":false},{"ty":"fl","c":{"a":0,"k":[0.5,0.5,0.5,1],"ix":4},"o":{"a":0,"k":100,"ix":5},"r":1,"bm":0,"nm":"Fill 1","mn":"ADBE Vector Graphic - Fill","hd":false},{"ty":"tr","p":{"a":0,"k":[2.438,-1.688],"ix":2},"a":{"a":0,"k":[0,0],"ix":1},"s":{"a":0,"k":[100,100],"ix":3},"r":{"a":0,"k":0,"ix":6},"o":{"a":0,"k":100,"ix":7},"sk":{"a":0,"k":0,"ix":4},"sa":{"a":0,"k":0,"ix":5},"nm":"Transform"}],"nm":"Rectangle 1","np":3,"cix":2,"bm":0,"ix":1,"mn":"ADBE Vector Group","hd":false}],"ip":0,"op":157.342506408691,"st":0,"bm":0},{"ddd":0,"ind":3,"ty":4,"nm":"Shape Layer 1","tt":1,"sr":1,"ks":{"o":{"a":1,"k":[{"i":{"x":[0.833],"y":[0.833]},"o":{"x":[0.167],"y":[0.167]},"t":0,"s":[0]},{"i":{"x":[0.833],"y":[0.833]},"o":{"x":[0.167],"y":[0.167]},"t":13.487,"s":[0]},{"t":13.9860005696615,"s":[100]}],"ix":11},"r":{"a":0,"k":9,"ix":10},"p":{"a":1,"k":[{"i":{"x":0,"y":1},"o":{"x":0.333,"y":0},"t":0,"s":[-20.5,35.875,0],"to":[28.75,0,0],"ti":[-28.75,0,0]},{"t":79.9200032552083,"s":[152,35.875,0]}],"ix":2},"a":{"a":0,"k":[-59,-0.125,0],"ix":1},"s":{"a":0,"k":[100,100,100],"ix":6}},"ao":0,"shapes":[{"ty":"gr","it":[{"ty":"rc","d":1,"s":{"a":0,"k":[27.25,102],"ix":2},"p":{"a":0,"k":[0,0],"ix":3},"r":{"a":0,"k":0,"ix":4},"nm":"Rectangle Path 1","mn":"ADBE Vector Shape - Rect","hd":false},{"ty":"gf","o":{"a":0,"k":100,"ix":10},"r":1,"bm":0,"g":{"p":3,"k":{"a":0,"k":[0,1,1,1,0.5,1,1,1,1,1,1,1,0,0.52,0.5,0.26,1,0],"ix":9}},"s":{"a":0,"k":[1.125,-37.625],"ix":5},"e":{"a":0,"k":[1.125,28.625],"ix":6},"t":1,"nm":"Gradient Fill 1","mn":"ADBE Vector Graphic - G-Fill","hd":false},{"ty":"tr","p":{"a":0,"k":[-49.375,1.375],"ix":2},"a":{"a":0,"k":[0,0],"ix":1},"s":{"a":0,"k":[100,100],"ix":3},"r":{"a":0,"k":0,"ix":6},"o":{"a":0,"k":100,"ix":7},"sk":{"a":0,"k":0,"ix":4},"sa":{"a":0,"k":0,"ix":5},"nm":"Transform"}],"nm":"Rectangle 1","np":3,"cix":2,"bm":0,"ix":1,"mn":"ADBE Vector Group","hd":false}],"ip":0,"op":157.342506408691,"st":0,"bm":0},{"ddd":0,"ind":5,"ty":4,"nm":"Text Outlines","sr":1,"ks":{"o":{"a":0,"k":100,"ix":11},"r":{"a":0,"k":0,"ix":10},"p":{"a":0,"k":[73.5,36,0],"ix":2},"a":{"a":0,"k":[24.5,12,0],"ix":1},"s":{"a":1,"k":[{"i":{"x":[0,0,0.667],"y":[1,1,1]},"o":{"x":[0.333,0.333,0.333],"y":[0,0,0]},"t":14.985,"s":[300,300,100]},{"i":{"x":[0,0,0.667],"y":[1,1,1]},"o":{"x":[0.333,0.333,0.333],"y":[0,0,0]},"t":39.96,"s":[336,336,100]},{"t":64.9350026448568,"s":[300,300,100]}],"ix":6}},"ao":0,"shapes":[{"ty":"gr","it":[{"ind":0,"ty":"sh","ix":1,"ks":{"a":0,"k":{"i":[[0.633,0],[0.514,0.318],[0.209,0.586],[-0.136,0.805],[-0.401,0.594],[-0.61,0.332],[-0.749,0],[-0.407,-0.163],[-0.271,-0.325],[-0.099,-0.484],[0.106,-0.65],[0,0],[0,0],[0,0],[0,0],[0.09,0.235],[0.209,0.133],[0.305,0],[0.272,-0.153],[0.186,-0.248],[0.053,-0.289],[0,0],[-0.093,-0.266],[-0.235,-0.132],[-0.361,0],[-0.206,0.066],[-0.162,0.13],[-0.103,0.196],[0,0],[0.364,-0.351],[0.514,-0.196]],"o":[[-0.782,0],[-0.514,-0.322],[-0.205,-0.59],[0.133,-0.786],[0.405,-0.593],[0.609,-0.331],[0.504,0],[0.411,0.159],[0.272,0.321],[0.103,0.484],[0,0],[0,0],[0,0],[0,0],[0.05,-0.305],[-0.089,-0.236],[-0.209,-0.136],[-0.311,0],[-0.272,0.152],[-0.182,0.246],[0,0],[-0.067,0.401],[0.096,0.265],[0.236,0.13],[0.236,0],[0.208,-0.067],[0.163,-0.132],[0,0],[-0.179,0.471],[-0.365,0.348],[-0.51,0.192]],"v":[[9.428,5.459],[7.484,4.982],[6.4,3.62],[6.296,1.527],[7.096,-0.542],[8.618,-1.929],[10.656,-2.426],[12.023,-2.182],[13.047,-1.456],[13.604,-0.248],[13.599,1.452],[13.505,2.034],[7.061,2.034],[7.265,0.721],[11.72,0.721],[11.66,-0.089],[11.213,-0.641],[10.442,-0.845],[9.567,-0.616],[8.881,-0.015],[8.528,0.786],[8.295,2.088],[8.334,3.088],[8.831,3.684],[9.726,3.878],[10.388,3.779],[10.944,3.485],[11.342,2.993],[13.276,3.122],[12.461,4.355],[11.143,5.171]],"c":true},"ix":2},"nm":"Path 1","mn":"ADBE Vector Shape - Group","hd":false},{"ind":1,"ty":"sh","ix":2,"ks":{"a":0,"k":{"i":[[0,0],[0,0],[0,0],[0,0],[0,0],[0,0],[0,0],[0,0]],"o":[[0,0],[0,0],[0,0],[0,0],[0,0],[0,0],[0,0],[0,0]],"v":[[6.403,-2.326],[2.46,5.31],[0.074,5.31],[-1.323,-2.326],[0.835,-2.326],[1.511,3.137],[1.59,3.137],[4.081,-2.326]],"c":true},"ix":2},"nm":"Path 2","mn":"ADBE Vector Shape - Group","hd":false},{"ind":2,"ty":"sh","ix":3,"ks":{"a":0,"k":{"i":[[0.315,0],[0.206,0.209],[-0.037,0.292],[-0.248,0.205],[-0.315,0],[-0.199,-0.209],[0.033,-0.298],[0.249,-0.212]],"o":[[-0.315,0],[-0.202,-0.212],[0.036,-0.298],[0.249,-0.209],[0.315,0],[0.199,0.205],[-0.034,0.292],[-0.245,0.209]],"v":[[-3.253,-3.321],[-4.034,-3.634],[-4.282,-4.39],[-3.855,-5.145],[-3.01,-5.459],[-2.239,-5.145],[-1.99,-4.39],[-2.413,-3.634]],"c":true},"ix":2},"nm":"Path 3","mn":"ADBE Vector Shape - Group","hd":false},{"ind":3,"ty":"sh","ix":4,"ks":{"a":0,"k":{"i":[[0,0],[0,0],[0,0],[0,0]],"o":[[0,0],[0,0],[0,0],[0,0]],"v":[[-5.804,5.31],[-4.531,-2.326],[-2.413,-2.326],[-3.686,5.31]],"c":true},"ix":2},"nm":"Path 4","mn":"ADBE Vector Shape - Group","hd":false},{"ind":4,"ty":"sh","ix":5,"ks":{"a":0,"k":{"i":[[0,0],[0,0],[0,0],[0,0],[0,0],[0,0]],"o":[[0,0],[0,0],[0,0],[0,0],[0,0],[0,0]],"v":[[-13.707,5.31],[-12.017,-4.872],[-9.864,-4.872],[-11.256,3.535],[-6.891,3.535],[-7.19,5.31]],"c":true},"ix":2},"nm":"Path 5","mn":"ADBE Vector Shape - Group","hd":false},{"ty":"mm","mm":1,"nm":"Merge Paths 1","mn":"ADBE Vector Filter - Merge","hd":false},{"ty":"fl","c":{"a":0,"k":[0.909803981407,0.917647118662,0.929411824544,1],"ix":4},"o":{"a":0,"k":100,"ix":5},"r":1,"bm":0,"nm":"Fill 1","mn":"ADBE Vector Graphic - Fill","hd":false},{"ty":"tr","p":{"a":0,"k":[25.956,10.69],"ix":2},"a":{"a":0,"k":[0,0],"ix":1},"s":{"a":0,"k":[100,100],"ix":3},"r":{"a":0,"k":0,"ix":6},"o":{"a":0,"k":100,"ix":7},"sk":{"a":0,"k":0,"ix":4},"sa":{"a":0,"k":0,"ix":5},"nm":"Transform"}],"nm":"Group 1","np":7,"cix":2,"bm":0,"ix":1,"mn":"ADBE Vector Group","hd":false}],"ip":0,"op":157.342506408691,"st":0,"bm":0},{"ddd":0,"ind":6,"ty":4,"nm":"Top Outlines","sr":1,"ks":{"o":{"a":0,"k":100,"ix":11},"r":{"a":0,"k":0,"ix":10},"p":{"a":0,"k":[73.5,36,0],"ix":2},"a":{"a":0,"k":[24.5,12,0],"ix":1},"s":{"a":0,"k":[300,300,100],"ix":6}},"ao":0,"shapes":[{"ty":"gr","it":[{"ind":0,"ty":"sh","ix":1,"ks":{"a":0,"k":{"i":[[0.494,0],[0,0],[-0.105,0.602],[0,0],[-0.488,0],[0,0],[0.093,-0.597],[0,0]],"o":[[0,0],[-0.619,0],[0,0],[0.082,-0.473],[0,0],[0.613,0],[0,0],[-0.074,0.481]],"v":[[19.359,10.435],[-22.283,10.435],[-23.268,9.282],[-20.251,-9.593],[-19.265,-10.412],[22.292,-10.435],[23.28,-9.299],[20.347,9.598]],"c":true},"ix":2},"nm":"Path 1","mn":"ADBE Vector Shape - Group","hd":false},{"ty":"gf","o":{"a":0,"k":100,"ix":10},"r":1,"bm":0,"g":{"p":3,"k":{"a":0,"k":[0,0.349,0.016,0.016,0.5,0.62,0.094,0.016,1,0.89,0.173,0.016],"ix":9}},"s":{"a":0,"k":[-0.062,10.438],"ix":5},"e":{"a":0,"k":[0,-10.25],"ix":6},"t":1,"nm":"Gradient Fill 1","mn":"ADBE Vector Graphic - G-Fill","hd":false},{"ty":"tr","p":{"a":0,"k":[25.455,11.478],"ix":2},"a":{"a":0,"k":[0,0],"ix":1},"s":{"a":0,"k":[100,100],"ix":3},"r":{"a":0,"k":0,"ix":6},"o":{"a":0,"k":100,"ix":7},"sk":{"a":0,"k":0,"ix":4},"sa":{"a":0,"k":0,"ix":5},"nm":"Transform"}],"nm":"Group 1","np":2,"cix":2,"bm":0,"ix":1,"mn":"ADBE Vector Group","hd":false}],"ip":0,"op":157.342506408691,"st":0,"bm":0},{"ddd":0,"ind":7,"ty":4,"nm":"Back Outlines","sr":1,"ks":{"o":{"a":0,"k":100,"ix":11},"r":{"a":0,"k":0,"ix":10},"p":{"a":0,"k":[73.5,36,0],"ix":2},"a":{"a":0,"k":[24.5,12,0],"ix":1},"s":{"a":0,"k":[300,300,100],"ix":6}},"ao":0,"shapes":[{"ty":"gr","it":[{"ind":0,"ty":"sh","ix":1,"ks":{"a":0,"k":{"i":[[0.494,0],[0,0],[-0.105,0.602],[0,0],[-0.488,0],[0,0],[0.093,-0.597],[0,0]],"o":[[0,0],[-0.619,0],[0,0],[0.082,-0.473],[0,0],[0.613,0],[0,0],[-0.074,0.481]],"v":[[19.359,10.435],[-22.283,10.435],[-23.268,9.282],[-20.251,-9.593],[-19.265,-10.412],[22.292,-10.435],[23.28,-9.299],[20.347,9.598]],"c":true},"ix":2},"nm":"Path 1","mn":"ADBE Vector Shape - Group","hd":false},{"ty":"gf","o":{"a":0,"k":100,"ix":10},"r":1,"bm":0,"g":{"p":3,"k":{"a":0,"k":[0,0.58,0.122,0.024,0.5,0.408,0.067,0.018,1,0.235,0.012,0.012],"ix":9}},"s":{"a":0,"k":[1.625,-9.938],"ix":5},"e":{"a":0,"k":[-0.25,10.188],"ix":6},"t":1,"nm":"Gradient Fill 1","mn":"ADBE Vector Graphic - G-Fill","hd":false},{"ty":"tr","p":{"a":0,"k":[23.455,13.478],"ix":2},"a":{"a":0,"k":[0,0],"ix":1},"s":{"a":0,"k":[100,100],"ix":3},"r":{"a":0,"k":0,"ix":6},"o":{"a":0,"k":100,"ix":7},"sk":{"a":0,"k":0,"ix":4},"sa":{"a":0,"k":0,"ix":5},"nm":"Transform"}],"nm":"Group 1","np":2,"cix":2,"bm":0,"ix":1,"mn":"ADBE Vector Group","hd":false}],"ip":0,"op":157.342506408691,"st":0,"bm":0}]}],"layers":[{"ddd":0,"ind":1,"ty":0,"nm":"Live","refId":"comp_0","sr":1,"ks":{"o":{"a":0,"k":100,"ix":11},"r":{"a":0,"k":0,"ix":10},"p":{"a":0,"k":[24.188,11.812,0],"ix":2},"a":{"a":0,"k":[73.5,36,0],"ix":1},"s":{"a":0,"k":[33,33,100],"ix":6}},"ao":0,"w":147,"h":72,"ip":0,"op":157.342506408691,"st":0,"bm":0}],"markers":[]}