<?xml version='1.0' encoding='utf-8' standalone='yes' ?>
<map>
    <long name="com.facebook.appevents.SessionInfo.sessionStartTime" value="1766825030864" />
    <long name="com.facebook.appevents.SessionInfo.sessionEndTime" value="1766825117565" />
    <boolean name="bg_startup_tracing" value="false" />
    <string name="com.facebook.appevents.UserDataStore.internalUserData">{&quot;r2&quot;:&quot;ced671bf9582d72079453c054b47e23d99071a4f8e5d8d7943ed5b9011e36d13,b6a727f8348b324a6ddbb3055ae3aae6eeaa3cc89330f28a3c0876b31f1a9726&quot;}</string>
    <int name="com.facebook.appevents.SessionInfo.interruptionCount" value="3" />
    <string name="com.facebook.appevents.SessionInfo.sessionId">398e0a27-0655-44ca-952a-8aed6698d6d5</string>
</map>
