<?xml version='1.0' encoding='utf-8' standalone='yes' ?>
<map>
    <boolean name="mlt_is_already_shown" value="false" />
    <boolean name="fb_link_processed" value="true" />
    <int name="guilt_dialog_shown_count" value="0" />
    <string name="payment_pending_message"></string>
    <string name="occupation">[&quot;Student&quot;,&quot;Self-Employed&quot;,&quot;Govt. Employee&quot;,&quot;Salaried&quot;]</string>
    <boolean name="mlt_is_one_time_pause_shown" value="false" />
    <boolean name="daily_listening_time" value="true" />
    <int name="no_of_times_app_opened" value="1" />
    <boolean name="is_main_activity_created" value="true" />
    <int name="guilt_dialog_version" value="4" />
    <boolean name="should_allow_dismiss_udc_config" value="true" />
    <boolean name="more_like_this_show" value="false" />
    <string name="appsflyer_attribution_data">{&quot;install_time&quot;:&quot;2025-12-27 08:43:56.145&quot;,&quot;af_message&quot;:&quot;organic install&quot;,&quot;af_status&quot;:&quot;Organic&quot;,&quot;is_first_launch&quot;:false}</string>
    <long name="lastUpdateTimestamp" value="1766825114481" />
    <int name="last_logged_in_user_id_only_for_download_check" value="157557479" />
    <boolean name="is_first_login_via_onboarding_flow" value="true" />
    <boolean name="shouldShowUDCConfig" value="false" />
    <string name="last_session_date_key">2025-12-27</string>
    <string name="signup_data">{&quot;isOtpAutoFilled&quot;:false,&quot;loginStartTime&quot;:0,&quot;otpLength&quot;:6,&quot;otpTime&quot;:0,&quot;selectedLanguages&quot;:[],&quot;splashOnCreateTime&quot;:1766825030867,&quot;userAdvertisingIdResponse&quot;:{&quot;country_iso_code&quot;:&quot;IN&quot;,&quot;default_login_option&quot;:&quot;phone_number&quot;,&quot;is_consumption_only&quot;:false,&quot;firebase_experiment_enabled&quot;:true,&quot;otp_auth_available&quot;:true,&quot;is_skip_login&quot;:false,&quot;login_background&quot;:&quot;https://images.cdn.kukufm.com/f:webp/https://kukufm.s3.ap-south-1.amazonaws.com/bg_images/login_bg_image_main_app_v3.webp&quot;,&quot;login_video&quot;:&quot;https://d1l07mcd18xic4.cloudfront.net/video-episode/bb44aae8-a3b7-46ea-89af-9f06a78750d8/20666.m3u8&quot;,&quot;login_options_layout&quot;:&quot;otp_login_first&quot;,&quot;login_via_email_enabled&quot;:false,&quot;login_via_fb_enabled&quot;:false,&quot;login_via_phone_enabled&quot;:true,&quot;multi_select&quot;:[],&quot;otp_country_codes&quot;:[&quot;91&quot;,&quot;1&quot;],&quot;primary_app_language_id&quot;:2,&quot;shared_login_enable&quot;:true,&quot;shared_login_timeout_millis&quot;:3000,&quot;should_show_otp_login_option&quot;:true,&quot;should_show_truecaller&quot;:true,&quot;show_default_gmail_popup&quot;:false,&quot;single_select&quot;:[&quot;marathi&quot;,&quot;hindi&quot;,&quot;tamil&quot;,&quot;bengali&quot;,&quot;telugu&quot;,&quot;kannada&quot;,&quot;malayalam&quot;],&quot;skip_onboarding_lang_screen&quot;:false,&quot;user_details&quot;:{&quot;full_name&quot;:&quot;KUKUFM&quot;}}}</string>
    <int name="udcDelayTimer" value="0" />
    <string name="otp_country_codes">[&quot;91&quot;,&quot;1&quot;]</string>
    <string name="network_operator_name"></string>
    <string name="age_bracket">[&quot;15-20&quot;,&quot;21-25&quot;,&quot;26-30&quot;,&quot;31-35&quot;,&quot;36-40&quot;,&quot;41-45&quot;,&quot;46-50&quot;,&quot;51-55&quot;,&quot;56-60&quot;,&quot;Older&quot;]</string>
    <int name="guilt_dialog_shown_today_count" value="0" />
    <long name="sleep_timer_future_milliseconds" value="0" />
    <string name="bottom_menu_items_v2">[{&quot;id&quot;:&quot;nav_home&quot;,&quot;label&quot;:&quot;Home&quot;},{&quot;id&quot;:&quot;nav_premium&quot;,&quot;label&quot;:&quot;Free Trial&quot;},{&quot;id&quot;:&quot;nav_mySpace&quot;,&quot;label&quot;:&quot;My Space&quot;}]</string>
    <string name="first_open_date">27 12 2025</string>
    <int name="total_minutes_listened" value="0" />
    <boolean name="user_changed_language" value="true" />
    <boolean name="first_vip_home_launch_for_new_user" value="false" />
    <int name="session_count_key" value="1" />
    <string name="advertising_id">b23188a2-001a-4eed-832a-c3e5f43e752e</string>
    <string name="sleep_timer_slug"></string>
    <string name="active_fb_link"></string>
    <string name="player_settings_data">{&quot;audio-quality&quot;:{&quot;description&quot;:&quot;Ultra HD consumes high Internet data.&quot;,&quot;label&quot;:&quot;Audio Quality&quot;,&quot;value&quot;:&quot;Auto&quot;},&quot;autoplay-next-show&quot;:{&quot;description&quot;:&quot;Automatically Plays next shows from library recommendation when current shows ends.&quot;,&quot;label&quot;:&quot;Autoplay next Show&quot;,&quot;value&quot;:true},&quot;current-playback-speed&quot;:{&quot;value&quot;:1.0},&quot;download-audio-quality&quot;:{&quot;description&quot;:&quot;Ultra HD consumes high Internet data.&quot;,&quot;label&quot;:&quot;Download Audio Quality&quot;,&quot;value&quot;:&quot;EXCELLENT&quot;},&quot;screen-awake&quot;:{&quot;description&quot;:&quot;Screen remains on while listening, this will impact battery consumption. Screen remains always ON if you are reading transcript irrespective of this setting.&quot;,&quot;label&quot;:&quot;Screen Awake&quot;,&quot;value&quot;:false},&quot;smart-playback&quot;:{&quot;description&quot;:&quot;Starts slightly backwards on resume episode to maintain context&quot;,&quot;label&quot;:&quot;Smart Playback&quot;,&quot;value&quot;:true}}</string>
    <long name="full_page_free_trial_shown_date" value="1766825114356" />
    <string name="system_upgrade_data">null</string>
    <string name="country_code">IN</string>
    <string name="jwt_short_token">eyJhbGciOiJIUzUxMiIsInR5cCI6IkpXVCJ9.eyJ1c2VyX2lkIjoxNTc1NTc0NzksImV4cCI6MTc2NjgzMjMxMCwidW5pcXVlX2lkIjoiOTZmNTMzMTUtZTM1Ni00MmRmLTkyZDgtNGYzOTM3NjgxYWZjIn0.gWhw2VIQ6pFoiaTGQc4oJ6FU3ebvKqmVslc54K20G4CHLpHl3iiJfKsv9TcadjkadtngpFk-mQjqLsvNvNcpEA</string>
    <string name="jwt_long_token">eyJhbGciOiJIUzUxMiIsInR5cCI6IkpXVCJ9.eyJ1c2VyX2lkIjoxNTc1NTc0NzksImV4cCI6MTc2OTQxNzExMCwidW5pcXVlX2lkIjoiOTZmNTMzMTUtZTM1Ni00MmRmLTkyZDgtNGYzOTM3NjgxYWZjIn0.69VRiL8LZlbPJ8NWPD-7o-cye9v_heCzMkCm6M27S_SxP-suiQv8JZ90nwwsphY8NppcUwa4JhbOzuk7trH9Tw</string>
    <boolean name="is_logout_clicked" value="false" />
    <boolean name="first_home_launch_for_new_user" value="false" />
    <int name="full_page_free_trial_shown_today_count" value="1" />
    <boolean name="is_international_user" value="false" />
    <boolean name="shouldShowUDC" value="false" />
    <boolean name="is_first_session" value="true" />
    <string name="content_languages">[{&quot;color&quot;:&quot;#FD6233&quot;,&quot;color_info&quot;:{&quot;bg_color&quot;:&quot;#F8EBD0&quot;,&quot;text_color&quot;:&quot;#A16400&quot;},&quot;id&quot;:1,&quot;image&quot;:&quot;https://images.cdn.kukufm.com/https://kukufm.s3.ap-south-1.amazonaws.com/icons/hindi_1.png&quot;,&quot;is_new&quot;:false,&quot;is_selected&quot;:false,&quot;load_static_home&quot;:true,&quot;popShown&quot;:false,&quot;short_title&quot;:&quot;ह&quot;,&quot;slug&quot;:&quot;hindi&quot;,&quot;title_secondary&quot;:&quot;Hindi&quot;,&quot;title&quot;:&quot;हिंदी&quot;,&quot;uri&quot;:&quot;app://kukufm/home-lang/hindi&quot;},{&quot;color&quot;:&quot;#282E34&quot;,&quot;color_info&quot;:{&quot;bg_color&quot;:&quot;#EBCEF5&quot;,&quot;text_color&quot;:&quot;#671584&quot;},&quot;id&quot;:8,&quot;image&quot;:&quot;https://images.cdn.kukufm.com/https://kukufm.s3.ap-south-1.amazonaws.com/icons/tamil_2.png&quot;,&quot;is_new&quot;:false,&quot;is_selected&quot;:false,&quot;load_static_home&quot;:true,&quot;popShown&quot;:false,&quot;short_title&quot;:&quot;த&quot;,&quot;slug&quot;:&quot;tamil&quot;,&quot;title_secondary&quot;:&quot;Tamil&quot;,&quot;title&quot;:&quot;தமிழ்&quot;,&quot;uri&quot;:&quot;app://kukufm/home-lang/tamil&quot;},{&quot;color&quot;:&quot;#349DD5&quot;,&quot;color_info&quot;:{&quot;bg_color&quot;:&quot;#BAF0E4&quot;,&quot;text_color&quot;:&quot;#007A49&quot;},&quot;id&quot;:4,&quot;image&quot;:&quot;https://images.cdn.kukufm.com/https://kukufm.s3.ap-south-1.amazonaws.com/icons/marathi_1.png&quot;,&quot;is_new&quot;:false,&quot;is_selected&quot;:false,&quot;load_static_home&quot;:true,&quot;popShown&quot;:false,&quot;short_title&quot;:&quot;म&quot;,&quot;slug&quot;:&quot;marathi&quot;,&quot;title_secondary&quot;:&quot;Marathi&quot;,&quot;title&quot;:&quot;मराठी&quot;,&quot;uri&quot;:&quot;app://kukufm/home-lang/marathi&quot;},{&quot;color&quot;:&quot;#4F55C8&quot;,&quot;color_info&quot;:{&quot;bg_color&quot;:&quot;#F3C5F7&quot;,&quot;text_color&quot;:&quot;#8A00BE&quot;},&quot;id&quot;:5,&quot;image&quot;:&quot;https://images.cdn.kukufm.com/https://kukufm.s3.ap-south-1.amazonaws.com/icons/bangla_1.png&quot;,&quot;is_new&quot;:false,&quot;is_selected&quot;:true,&quot;load_static_home&quot;:true,&quot;popShown&quot;:false,&quot;short_title&quot;:&quot;বা&quot;,&quot;slug&quot;:&quot;bengali&quot;,&quot;title_secondary&quot;:&quot;Bangla&quot;,&quot;title&quot;:&quot;বাংলা&quot;,&quot;uri&quot;:&quot;app://kukufm/home-lang/bengali&quot;},{&quot;color&quot;:&quot;#0089B5&quot;,&quot;color_info&quot;:{&quot;bg_color&quot;:&quot;#DCF7BD&quot;,&quot;text_color&quot;:&quot;#0350AA&quot;},&quot;id&quot;:3,&quot;image&quot;:&quot;https://images.cdn.kukufm.com/https://kukufm.s3.ap-south-1.amazonaws.com/icons/telugu_1.png&quot;,&quot;is_new&quot;:false,&quot;is_selected&quot;:false,&quot;load_static_home&quot;:true,&quot;popShown&quot;:false,&quot;short_title&quot;:&quot;త&quot;,&quot;slug&quot;:&quot;telugu&quot;,&quot;title_secondary&quot;:&quot;Telugu&quot;,&quot;title&quot;:&quot;తెలుగు&quot;,&quot;uri&quot;:&quot;app://kukufm/home-lang/telugu&quot;},{&quot;color_info&quot;:{&quot;bg_color&quot;:&quot;#F9F2E1&quot;,&quot;text_color&quot;:&quot;#A2890B&quot;},&quot;id&quot;:13,&quot;image&quot;:&quot;https://images.cdn.kukufm.com/https://kukufm.s3.ap-south-1.amazonaws.com/icons/kannada_1.png&quot;,&quot;is_new&quot;:false,&quot;is_selected&quot;:false,&quot;load_static_home&quot;:true,&quot;popShown&quot;:false,&quot;short_title&quot;:&quot;ಕ&quot;,&quot;slug&quot;:&quot;kannada&quot;,&quot;title_secondary&quot;:&quot;Kannada&quot;,&quot;title&quot;:&quot;ಕನ್ನಡ&quot;,&quot;uri&quot;:&quot;app://kukufm/home-lang/kannada&quot;},{&quot;color&quot;:&quot;#282E34&quot;,&quot;color_info&quot;:{&quot;bg_color&quot;:&quot;#D4D5E3&quot;,&quot;text_color&quot;:&quot;#3239D5&quot;},&quot;id&quot;:9,&quot;image&quot;:&quot;https://images.cdn.kukufm.com/https://kukufm.s3.ap-south-1.amazonaws.com/icons/malayalam_1.png&quot;,&quot;is_new&quot;:false,&quot;is_selected&quot;:false,&quot;load_static_home&quot;:true,&quot;popShown&quot;:false,&quot;short_title&quot;:&quot;ള&quot;,&quot;slug&quot;:&quot;malayalam&quot;,&quot;title_secondary&quot;:&quot;Malayalam&quot;,&quot;title&quot;:&quot;മലയാളം&quot;,&quot;uri&quot;:&quot;app://kukufm/home-lang/malayalam&quot;},{&quot;color&quot;:&quot;#1EC39A&quot;,&quot;color_info&quot;:{&quot;bg_color&quot;:&quot;#F8D3DB&quot;,&quot;text_color&quot;:&quot;#A40023&quot;},&quot;id&quot;:2,&quot;image&quot;:&quot;https://images.cdn.kukufm.com/https://kukufm.s3.ap-south-1.amazonaws.com/icons/english_2.png&quot;,&quot;is_new&quot;:false,&quot;is_selected&quot;:false,&quot;load_static_home&quot;:true,&quot;popShown&quot;:false,&quot;short_title&quot;:&quot;Aa&quot;,&quot;slug&quot;:&quot;english&quot;,&quot;title_secondary&quot;:&quot;English&quot;,&quot;title&quot;:&quot;English&quot;,&quot;uri&quot;:&quot;app://kukufm/home-lang/english&quot;}]</string>
    <boolean name="night_mode" value="true" />
    <boolean name="onBackPressMlt" value="true" />
    <boolean name="is_phone_hint_shown" value="true" />
    <boolean name="is_upi_apps_availability_event_sent" value="true" />
    <boolean name="is_phonepe_gpay_availability_event_sent" value="true" />
    <boolean name="is_free_trial_dismissed" value="true" />
    <string name="fcm_token">d24N-48vTZWwv9lWRriG-I:APA91bGLs1ASH70OIt07ow88LusU86U2oxcTrUwYIYNIc-DJzymJgQURd93w8F7oaQ63d1CaI9jRfSadXMGWmaZimW8faRID8Z3jpcE8OKywMdSyZEir8aM</string>
    <string name="account_invite_msg">हेलो,&#10;क्‍या आप Kuku FM ऐप के बारे में जानते हैं? काफी बढ़िया ऐप है! यहां आप सुन सकते हैं प्‍यार, दोस्‍ती, क्राइम और भूतों की कहानियां, जीवन को नई राह दिखाने वाली प्रेरक ऑडियो बुक्‍स, धार्मिक ज्ञान, गानें-तराने और भी बहुत कुछ...जो आप चाहें! एक बार आप ऐप डाउनलोड करके तो देखिए छा जाएगा Kuku FM का नशा! सुनने में आपको भी आएगा बहुत मजा!&#10;https://kukufm.sng.link/Bpksi/3s34/j2kq?apn=com.vlv.aravali&amp;link=http://kukufm.com/refer/?refer=157557479&amp;utm_source=AppShares&amp;utm_campaign=OrganicShares&amp;utm_medium=invite_</string>
    <boolean name="guilt_dialog_shown_in_current_session" value="false" />
    <long name="jwt_short_token_timestamp" value="1766832310" />
    <boolean name="mlt_one_minute_shown" value="false" />
    <string name="unique_user_identifier">09b6700f-0f2c-4a98-b0b2-b9d617f5f35a</string>
    <boolean name="should_use_be_otp_service" value="true" />
    <string name="scroll_for_more_last_shown_date">1766825131791</string>
    <boolean name="onScrollUpMlt" value="true" />
    <boolean name="is_vip_only" value="false" />
    <long name="jwt_refresh_token_timestamp" value="1769417110" />
    <string name="network_type">MOBILE DATA</string>
    <int name="fiction_total_minutes_listened" value="0" />
    <string name="user">{&quot;age_bracket&quot;:&quot;21-25&quot;,&quot;auto_play_1st_banner&quot;:true,&quot;avatar&quot;:{&quot;128&quot;:&quot;https://images.cdn.kukufm.com/w:128/f:jpg/q:90/https://kukufm.s3.amazonaws.com/avatars/3f5758eca8b5426aa10c483bd99e3dd7.jpg&quot;,&quot;256&quot;:&quot;https://images.cdn.kukufm.com/w:256/f:jpg/q:90/https://kukufm.s3.amazonaws.com/avatars/3f5758eca8b5426aa10c483bd99e3dd7.jpg&quot;,&quot;32&quot;:&quot;https://images.cdn.kukufm.com/w:32/f:jpg/q:90/https://kukufm.s3.amazonaws.com/avatars/3f5758eca8b5426aa10c483bd99e3dd7.jpg&quot;,&quot;64&quot;:&quot;https://images.cdn.kukufm.com/w:64/f:jpg/q:90/https://kukufm.s3.amazonaws.com/avatars/3f5758eca8b5426aa10c483bd99e3dd7.jpg&quot;},&quot;bio&quot;:&quot;Play What You Love&quot;,&quot;can_pause_premium&quot;:true,&quot;chat_url&quot;:&quot;https://kchat.kukufm.com/bots/&quot;,&quot;coin_shop_url&quot;:&quot;https://kukufm.com/shop/&quot;,&quot;country_iso_code&quot;:&quot;&quot;,&quot;current_league&quot;:&quot;silver&quot;,&quot;daily_listening_time&quot;:0,&quot;dynamic_link&quot;:&quot;https://applinks.kukufm.com/LYEt12HsBiRpSYFW6&quot;,&quot;dob&quot;:&quot;&quot;,&quot;email&quot;:&quot;&quot;,&quot;enable_chat_on_settings&quot;:false,&quot;enable_new_and_hot&quot;:false,&quot;enable_web_premium_page&quot;:true,&quot;experiments&quot;:[{&quot;slug&quot;:&quot;premium-show-redirection&quot;,&quot;url&quot;:&quot;app://kukufm/subscription?fromFreeTrial\u003dtrue&quot;},{&quot;slug&quot;:&quot;new_ui_enabled&quot;},{&quot;slug&quot;:&quot;home-phase-3&quot;,&quot;url&quot;:&quot;&quot;},{&quot;slug&quot;:&quot;hide-duration-and-episode-count-for-vip&quot;,&quot;url&quot;:&quot;&quot;},{&quot;slug&quot;:&quot;new-show-page&quot;},{&quot;slug&quot;:&quot;skip_show_page_on_reel&quot;},{&quot;slug&quot;:&quot;is_default_landing_on_episode_list&quot;},{&quot;slug&quot;:&quot;vertical_thumbnail_continue_listening&quot;}],&quot;facebook_profile&quot;:&quot;&quot;,&quot;firebase_signin_provider&quot;:&quot;phone&quot;,&quot;gender&quot;:&quot;M&quot;,&quot;id&quot;:157557479,&quot;incognito_mode&quot;:false,&quot;insta_handle&quot;:&quot;&quot;,&quot;is_user_anonymous&quot;:false,&quot;is_audio_language_visible&quot;:true,&quot;is_blocked&quot;:false,&quot;is_campaign_user&quot;:false,&quot;is_participant&quot;:false,&quot;is_checked&quot;:false,&quot;is_coin_mandate_active&quot;:false,&quot;is_content_lang_selected&quot;:true,&quot;is_creator&quot;:false,&quot;is_d0_user&quot;:true,&quot;is_mail_verified&quot;:false,&quot;is_existing_subscriber&quot;:false,&quot;is_following&quot;:false,&quot;is_gamification_enabled&quot;:true,&quot;is_invited&quot;:false,&quot;is_new_user&quot;:false,&quot;is_onboarding_complete&quot;:false,&quot;is_onboarding_complete_v2&quot;:true,&quot;is_participated&quot;:false,&quot;is_phone_verified&quot;:true,&quot;is_pip_mode_enabled&quot;:true,&quot;has_premium&quot;:false,&quot;refer_n_invite_eligible&quot;:false,&quot;refer_n_invite_eligible_v2&quot;:false,&quot;is_renewal_user&quot;:false,&quot;is_scratch_card_enable&quot;:false,&quot;is_self&quot;:false,&quot;uber_premium&quot;:false,&quot;is_week0_user&quot;:true,&quot;juspay_customer_id&quot;:&quot;cth_aEH36wsW8qUCxfPw&quot;,&quot;mins_listened&quot;:0,&quot;phone&quot;:&quot;+14316311203&quot;,&quot;more_like_this_info&quot;:{&quot;tigger_idle_time&quot;:1,&quot;trigger_percent&quot;:90},&quot;n_units&quot;:0,&quot;n_followers&quot;:2,&quot;n_followings&quot;:0,&quot;n_listens&quot;:0,&quot;n_plays&quot;:9509,&quot;n_reads&quot;:0,&quot;n_shows&quot;:0,&quot;name&quot;:&quot;Enchanted_Listener798m&quot;,&quot;notification&quot;:false,&quot;occupation&quot;:&quot;Student&quot;,&quot;avatar_cdn&quot;:&quot;https://images.cdn.kukufm.com/https://kukufm.s3.amazonaws.com/avatars/3f5758eca8b5426aa10c483bd99e3dd7.jpg&quot;,&quot;which_page&quot;:{&quot;type&quot;:&quot;subscription_page&quot;,&quot;url&quot;:&quot;https://kukufm.com/free-trial/&quot;},&quot;profile_geolocation_info&quot;:{&quot;country&quot;:&quot;Nepal&quot;},&quot;rank&quot;:0,&quot;app_rating&quot;:{&quot;rating&quot;:0},&quot;sharing_text&quot;:&quot;Enchanted_Listener798m को Kuku FM पर फॉलो करें। अभी app डाउनलोड करें! \nhttps://applinks.kukufm.com/LYEt12HsBiRpSYFW6&quot;,&quot;show_sticky_ribbon&quot;:false,&quot;sign_up_source&quot;:&quot;phone&quot;,&quot;target_time&quot;:180,&quot;total_points&quot;:0,&quot;user_name&quot;:&quot;+14316311203&quot;,&quot;user_subscriptions&quot;:[{&quot;cancel_popup_data&quot;:{},&quot;monetization_type&quot;:&quot;subscription&quot;}],&quot;uuid&quot;:&quot;4e570c5318074cb8bb50c7b8676f6f1f&quot;,&quot;vip_user_identity&quot;:{&quot;is_vip_listened&quot;:false,&quot;n_vip_purchase&quot;:0},&quot;wallet&quot;:{&quot;free_coins&quot;:0,&quot;paid_coins&quot;:0,&quot;total_coins&quot;:0},&quot;youtube_channel&quot;:&quot;&quot;}</string>
    <string name="config">{&quot;account_invite_msg_v2&quot;:&quot;हेलो,\nक्‍या आप Kuku FM ऐप के बारे में जानते हैं? काफी बढ़िया ऐप है! यहां आप सुन सकते हैं प्‍यार, दोस्‍ती, क्राइम और भूतों की कहानियां, जीवन को नई राह दिखाने वाली प्रेरक ऑडियो बुक्‍स, धार्मिक ज्ञान, गानें-तराने और भी बहुत कुछ...जो आप चाहें! एक बार आप ऐप डाउनलोड करके तो देखिए छा जाएगा Kuku FM का नशा! सुनने में आपको भी आएगा बहुत मजा!\nhttps://kukufm.sng.link/Bpksi/3s34/j2kq?apn\u003dcom.vlv.aravali\u0026link\u003dhttp://kukufm.com/refer/?refer\u003d157557479\u0026utm_source\u003dAppShares\u0026utm_campaign\u003dOrganicShares\u0026utm_medium\u003dinvite_&quot;,&quot;in_app_update&quot;:&quot;0&quot;,&quot;aws_config&quot;:{&quot;audio_bucket&quot;:&quot;kukufm&quot;},&quot;bg_play_enabled_nudge_text&quot;:&quot;Listen while using other apps or with\nscreen locked&quot;,&quot;navbar_items_v1&quot;:[{&quot;id&quot;:&quot;nav_home&quot;,&quot;label&quot;:&quot;Home&quot;},{&quot;id&quot;:&quot;nav_premium&quot;,&quot;label&quot;:&quot;Free Trial&quot;},{&quot;id&quot;:&quot;nav_mySpace&quot;,&quot;label&quot;:&quot;My Space&quot;}],&quot;coin_faqs_url&quot;:&quot;https://kukufm.com/shop-faqs/&quot;,&quot;content_types&quot;:[{&quot;color_info&quot;:{&quot;bg_color&quot;:&quot;#0F83A8&quot;,&quot;text_color&quot;:&quot;#0F83A8&quot;},&quot;id&quot;:14,&quot;image_info&quot;:{&quot;color&quot;:&quot;#FF4AB9&quot;,&quot;icon&quot;:&quot;https://images.cdn.kukufm.com/https://s3.ap-south-1.amazonaws.com/kukufm/quiz.png&quot;,&quot;image&quot;:&quot;https://images.cdn.kukufm.com/https://s3.ap-south-1.amazonaws.com/kukufm/content_type_icons/quiz_v5.png&quot;},&quot;slug&quot;:&quot;quiz&quot;,&quot;sub_types&quot;:[],&quot;title&quot;:&quot;क्विज&quot;},{&quot;color_info&quot;:{&quot;text_color&quot;:&quot;#FFFFFF&quot;,&quot;title_color&quot;:&quot;#FFFFFF&quot;},&quot;id&quot;:83,&quot;image_info&quot;:{},&quot;slug&quot;:&quot;kuku-upskill&quot;,&quot;sub_types&quot;:[],&quot;title&quot;:&quot;कुकू अपस्किल&quot;},{&quot;color_info&quot;:{&quot;text_color&quot;:&quot;#FFFFFF&quot;,&quot;title_color&quot;:&quot;#FFFFFF&quot;},&quot;id&quot;:17,&quot;image_info&quot;:{},&quot;slug&quot;:&quot;novel&quot;,&quot;sub_types&quot;:[],&quot;title&quot;:&quot;उपन्‍यास&quot;},{&quot;color_info&quot;:{&quot;text_color&quot;:&quot;#FFFFFF&quot;,&quot;title_color&quot;:&quot;#FFFFFF&quot;},&quot;id&quot;:5,&quot;image_info&quot;:{},&quot;slug&quot;:&quot;bytes&quot;,&quot;sub_types&quot;:[],&quot;title&quot;:&quot;बाइट्स&quot;},{&quot;color_info&quot;:{&quot;text_color&quot;:&quot;#FFFFFF&quot;,&quot;title_color&quot;:&quot;#FFFFFF&quot;},&quot;id&quot;:8,&quot;image_info&quot;:{},&quot;slug&quot;:&quot;series&quot;,&quot;sub_types&quot;:[],&quot;title&quot;:&quot;शृंखला&quot;},{&quot;color_info&quot;:{&quot;bg_color&quot;:&quot;#A040C2&quot;,&quot;text_color&quot;:&quot;#A040C2&quot;},&quot;id&quot;:6,&quot;image_info&quot;:{&quot;color&quot;:&quot;#FFCB61&quot;,&quot;icon&quot;:&quot;https://images.cdn.kukufm.com/https://s3.ap-south-1.amazonaws.com/kukufm/podcast.png&quot;,&quot;image&quot;:&quot;https://images.cdn.kukufm.com/https://s3.ap-south-1.amazonaws.com/kukufm/content_type_icons/podcast_v5.png&quot;},&quot;slug&quot;:&quot;podcast&quot;,&quot;sub_types&quot;:[],&quot;title&quot;:&quot;पॉडकास्ट&quot;},{&quot;color_info&quot;:{&quot;bg_color&quot;:&quot;#25D32C&quot;,&quot;text_color&quot;:&quot;#25D32C&quot;},&quot;id&quot;:4,&quot;image_info&quot;:{&quot;color&quot;:&quot;#007A49&quot;,&quot;icon&quot;:&quot;https://images.cdn.kukufm.com/https://s3.ap-south-1.amazonaws.com/kukufm/story.png&quot;,&quot;image&quot;:&quot;https://images.cdn.kukufm.com/https://s3.ap-south-1.amazonaws.com/kukufm/content_type_icons/story_v5.png&quot;},&quot;slug&quot;:&quot;story&quot;,&quot;sub_types&quot;:[],&quot;title&quot;:&quot;कहानी&quot;},{&quot;color_info&quot;:{&quot;bg_color&quot;:&quot;#40C2B3&quot;,&quot;text_color&quot;:&quot;#40C2B3&quot;},&quot;id&quot;:12,&quot;image_info&quot;:{&quot;color&quot;:&quot;#FF0037&quot;,&quot;icon&quot;:&quot;https://images.cdn.kukufm.com/https://s3.ap-south-1.amazonaws.com/kukufm/audio_books.png&quot;,&quot;image&quot;:&quot;https://images.cdn.kukufm.com/https://s3.ap-south-1.amazonaws.com/kukufm/content_type_icons/audio book_v5.png&quot;},&quot;slug&quot;:&quot;audio-book&quot;,&quot;sub_types&quot;:[{&quot;id&quot;:1,&quot;image_info&quot;:{&quot;image&quot;:&quot;https://images.cdn.kukufm.com/https://kukufm.s3.ap-south-1.amazonaws.com/genre_icons/fiction.png&quot;},&quot;slug&quot;:&quot;fiction&quot;,&quot;title&quot;:&quot;काल्पनिक&quot;},{&quot;id&quot;:5,&quot;image_info&quot;:{&quot;image&quot;:&quot;https://images.cdn.kukufm.com/https://kukufm.s3.ap-south-1.amazonaws.com/genre_icons/summary.png&quot;},&quot;slug&quot;:&quot;audiobook-summaries&quot;,&quot;title&quot;:&quot;ऑडियो बुक सारांश&quot;},{&quot;id&quot;:4,&quot;image_info&quot;:{&quot;image&quot;:&quot;https://images.cdn.kukufm.com/https://kukufm.s3.ap-south-1.amazonaws.com/genre_icons/non_fiction.png&quot;},&quot;slug&quot;:&quot;non-fiction&quot;,&quot;title&quot;:&quot;अकाल्पनिक&quot;}],&quot;title&quot;:&quot;फुल बुक्‍स&quot;},{&quot;color_info&quot;:{&quot;bg_color&quot;:&quot;#1AD2DE&quot;,&quot;text_color&quot;:&quot;#004D5E&quot;},&quot;id&quot;:15,&quot;image_info&quot;:{&quot;color&quot;:&quot;#1AD2DE&quot;,&quot;icon&quot;:&quot;&quot;,&quot;image&quot;:&quot;https://images.cdn.kukufm.com/https://kukufm.s3.ap-south-1.amazonaws.com/content_type_icons/book_summary.png&quot;},&quot;slug&quot;:&quot;book-summary&quot;,&quot;sub_types&quot;:[],&quot;title&quot;:&quot;बुक समरी&quot;},{&quot;color_info&quot;:{&quot;bg_color&quot;:&quot;#F34F4F&quot;,&quot;text_color&quot;:&quot;#F34F4F&quot;},&quot;id&quot;:3,&quot;image_info&quot;:{&quot;color&quot;:&quot;#6133DD&quot;,&quot;icon&quot;:&quot;https://images.cdn.kukufm.com/https://s3.ap-south-1.amazonaws.com/kukufm/news.png&quot;,&quot;image&quot;:&quot;https://images.cdn.kukufm.com/https://s3.ap-south-1.amazonaws.com/kukufm/content_type_icons/news_v5.png&quot;},&quot;slug&quot;:&quot;news&quot;,&quot;sub_types&quot;:[],&quot;title&quot;:&quot;न्यूज़&quot;},{&quot;color_info&quot;:{&quot;bg_color&quot;:&quot;#5240C2&quot;,&quot;text_color&quot;:&quot;#5240C2&quot;},&quot;id&quot;:10,&quot;image_info&quot;:{&quot;color&quot;:&quot;#31ADD3&quot;,&quot;icon&quot;:&quot;https://images.cdn.kukufm.com/https://s3.ap-south-1.amazonaws.com/kukufm/course.png&quot;,&quot;image&quot;:&quot;https://images.cdn.kukufm.com/https://s3.ap-south-1.amazonaws.com/kukufm/content_type_icons/course_v5.png&quot;},&quot;slug&quot;:&quot;course&quot;,&quot;sub_types&quot;:[],&quot;title&quot;:&quot;कोर्स&quot;},{&quot;color_info&quot;:{&quot;bg_color&quot;:&quot;#69B74E&quot;,&quot;text_color&quot;:&quot;#FFFFFF&quot;},&quot;id&quot;:7,&quot;image_info&quot;:{&quot;color&quot;:&quot;#69B74E&quot;,&quot;icon&quot;:&quot;&quot;,&quot;image&quot;:&quot;https://images.cdn.kukufm.com/https://kukufm.s3.ap-south-1.amazonaws.com/content_type_icons/poetry_image_v2.png&quot;},&quot;slug&quot;:&quot;poems-shayari&quot;,&quot;sub_types&quot;:[],&quot;title&quot;:&quot;कविता और शायरी&quot;}],&quot;demographic_options&quot;:{&quot;age_bracket&quot;:[&quot;15-20&quot;,&quot;21-25&quot;,&quot;26-30&quot;,&quot;31-35&quot;,&quot;36-40&quot;,&quot;41-45&quot;,&quot;46-50&quot;,&quot;51-55&quot;,&quot;56-60&quot;,&quot;Older&quot;],&quot;occupation&quot;:[&quot;Student&quot;,&quot;Self-Employed&quot;,&quot;Govt. Employee&quot;,&quot;Salaried&quot;]},&quot;disable_listening_schedule_add_button&quot;:false,&quot;search_dynamic_placeholders&quot;:[{&quot;screen_name&quot;:&quot;home_screen&quot;,&quot;search_terms&quot;:[]},{&quot;screen_name&quot;:&quot;for_you_screen&quot;,&quot;search_terms&quot;:[]},{&quot;screen_name&quot;:&quot;search_screen&quot;,&quot;search_terms&quot;:[]}],&quot;earn_coins_url&quot;:&quot;https://kukufm.com/earn-coins/&quot;,&quot;is_subscription_international_flow&quot;:false,&quot;enable_genre_onboarding_post_payment&quot;:false,&quot;enable_interactive_scrolling_list&quot;:false,&quot;feedback_reasons&quot;:[{&quot;id&quot;:7,&quot;title_language&quot;:{&quot;english&quot;:&quot;Can\\\u0027t play&quot;,&quot;gujarati&quot;:&quot;પ્લે નથી થતું &quot;,&quot;hindi&quot;:&quot;प्‍ले नहीं हो रहा&quot;,&quot;marathi&quot;:&quot;प्‍ले होउ शकत नाही&quot;,&quot;tamil&quot;:&quot;ப்ளே செய்ய முடியவில்லை&quot;,&quot;telugu&quot;:&quot;ఆడలేరు&quot;},&quot;title&quot;:&quot;Can\u0027t play&quot;},{&quot;id&quot;:8,&quot;title_language&quot;:{&quot;english&quot;:&quot;Incomplete episode&quot;,&quot;gujarati&quot;:&quot;અપૂર્ણ એપિસોડ&quot;,&quot;hindi&quot;:&quot;एपिसोड अधूरा है&quot;,&quot;marathi&quot;:&quot;अपूर्ण एपिसोड&quot;,&quot;tamil&quot;:&quot;முடிவுறாத எபிசோடு&quot;,&quot;telugu&quot;:&quot;అసంపూర్ణ ఎపిసోడ్&quot;},&quot;title&quot;:&quot;Incomplete episode&quot;},{&quot;id&quot;:9,&quot;title_language&quot;:{&quot;english&quot;:&quot;Wrong tagging&quot;,&quot;gujarati&quot;:&quot;ખોટી ટેગિંગ&quot;,&quot;hindi&quot;:&quot; गलत टैगिंग&quot;,&quot;marathi&quot;:&quot;चुकीचे टॅगिंग&quot;,&quot;tamil&quot;:&quot;தவறான டேகிங்&quot;,&quot;telugu&quot;:&quot;తప్పు టాగింగ్&quot;},&quot;title&quot;:&quot;Wrong tagging&quot;},{&quot;id&quot;:10,&quot;title_language&quot;:{&quot;english&quot;:&quot;Updates not timely&quot;,&quot;gujarati&quot;:&quot;અપડેટ્સ સમયસર નથી&quot;,&quot;hindi&quot;:&quot;समय पर अपडेट नहीं है&quot;,&quot;marathi&quot;:&quot; वेळेवर अपडेट नाहीत&quot;,&quot;tamil&quot;:&quot;அப்டேட்கள் சரியான நேரத்தில் இல்லை&quot;,&quot;telugu&quot;:&quot;అప్డేట్ సకాలంలో కాదు&quot;},&quot;title&quot;:&quot;Updates not timely&quot;},{&quot;id&quot;:11,&quot;title_language&quot;:{&quot;english&quot;:&quot;Duplicate episode&quot;,&quot;gujarati&quot;:&quot;ડુપ્લિકેટ એપિસોડ&quot;,&quot;hindi&quot;:&quot;एपिसोड डुप्लीकेट है&quot;,&quot;marathi&quot;:&quot;डुप्लिकेट एपिसोड&quot;,&quot;tamil&quot;:&quot;போலியான எபிசோடு&quot;,&quot;telugu&quot;:&quot;నకిలీ ఎపిసోడ్&quot;},&quot;title&quot;:&quot;Duplicate episode&quot;},{&quot;id&quot;:12,&quot;title_language&quot;:{&quot;english&quot;:&quot;Inappropriate content&quot;,&quot;gujarati&quot;:&quot;અયોગ્ય કોન્ટેન્ટ &quot;,&quot;hindi&quot;:&quot;कंटेंट अनुचित है&quot;,&quot;marathi&quot;:&quot;अनुचित कंटेंट&quot;,&quot;tamil&quot;:&quot;பொருத்தமில்லாத உள்ளடக்கம்&quot;,&quot;telugu&quot;:&quot;సంబంధం లేని వివరాలు&quot;},&quot;title&quot;:&quot;Inappropriate content&quot;}],&quot;firebase_blacklisted_events&quot;:[&quot;battery_level&quot;,&quot;volume_change&quot;,&quot;device_category&quot;,&quot;time_of_day&quot;,&quot;brightness_adjustments&quot;,&quot;ott_app_install_status&quot;,&quot;memory_usage&quot;,&quot;play_store_country&quot;,&quot;cpu_usage&quot;,&quot;download_utils_get_download_manager_not_initialised&quot;],&quot;free_platform_config&quot;:{&quot;btn_text&quot;:&quot;Get Free Trail&quot;,&quot;show_free_session_shortcut&quot;:true,&quot;subtitle&quot;:&quot;Get 7 Days Free trail to unlock all content&quot;,&quot;title&quot;:&quot;Your Free session expired !&quot;},&quot;guilt_data&quot;:{&quot;cancel_label&quot;:&quot;No Thanks&quot;,&quot;cta_label&quot;:&quot;Start 7 day free trial  ❯&quot;,&quot;cta_link&quot;:&quot;app://kukufm/subscription?action\u003dpre_apply_coupon\u0026couponCode\u003dKUKU50\u0026planId\u003d172\u0026utm_source\u003dguiltPopup&quot;,&quot;highlight_text&quot;:&quot;FREE&quot;,&quot;highlight_text_color&quot;:&quot;#16A34A&quot;,&quot;icon&quot;:&quot;https://images.cdn.kukufm.com/https://kukufm.s3.ap-south-1.amazonaws.com/experiment/guilt_popup_image.png&quot;,&quot;primary_text&quot;:&quot;7 Day FREE Trial&quot;,&quot;secondary_text&quot;:&quot;Access to 10K+ Shows, Downloads, Ad free experience \u0026 more&quot;,&quot;show_to_existing_subscriber&quot;:false},&quot;guilt_data_for_rnpl&quot;:{&quot;show_to_existing_subscriber&quot;:false},&quot;head_phone_nudge_text&quot;:&quot;Unlock the full potential of our audiobook experience with headphones&quot;,&quot;hide_mini_player_cross_icon&quot;:true,&quot;home_top_bar&quot;:{&quot;is_coin_store_visible&quot;:false,&quot;is_content_language_visible&quot;:true,&quot;is_kuku_logo&quot;:true,&quot;is_profile_visible&quot;:true,&quot;is_search_bar_visible&quot;:true},&quot;home_version&quot;:1,&quot;is_ad_enabled&quot;:false,&quot;enable_payment_for_anonymous&quot;:true,&quot;is_app_update_nudge_enabled&quot;:true,&quot;is_audio_language_visible&quot;:true,&quot;is_audio_lang_visible&quot;:false,&quot;is_claim_points_available&quot;:false,&quot;is_coin_alacarte&quot;:true,&quot;is_coin_based_monetization&quot;:false,&quot;is_coin_premium&quot;:false,&quot;is_coin_store_nudge_enabled&quot;:false,&quot;discount_pop_up_available&quot;:false,&quot;is_episode_paywall_enabled&quot;:false,&quot;is_gamification_enabled&quot;:true,&quot;is_gamification_seen&quot;:true,&quot;gift_available&quot;:false,&quot;is_international&quot;:false,&quot;is_invoice_enabled&quot;:true,&quot;is_language_nudge_enabled&quot;:false,&quot;is_league_result_available&quot;:false,&quot;is_mini_player_play_enabled&quot;:false,&quot;is_new_leaderboard_available&quot;:true,&quot;firebase_experiment_enabled&quot;:true,&quot;is_notification_nudge_enabled&quot;:false,&quot;otp_auth_available&quot;:true,&quot;is_pop_ups_available&quot;:false,&quot;is_send_events_to_server_enabled&quot;:true,&quot;is_served_mlt&quot;:{&quot;on_back&quot;:true,&quot;on_scroll_up&quot;:true},&quot;is_sharing_badge_visible&quot;:true,&quot;is_show_or_np_popup_available&quot;:false,&quot;is_special_animation_enabled&quot;:false,&quot;is_tangential_details_supported&quot;:true,&quot;is_udc_dismissible&quot;:true,&quot;is_vip_language_enable&quot;:false,&quot;is_vip_only&quot;:false,&quot;is_vip_show_free_coins&quot;:true,&quot;is_web_coin_store_enabled&quot;:false,&quot;kafka_no_auth_whitelisted_events&quot;:[&quot;notification_received&quot;,&quot;notification_error&quot;,&quot;notification_type&quot;,&quot;notification_dismiss&quot;,&quot;timer_notification_error&quot;,&quot;invalid_notification_uri&quot;,&quot;send_event_exception&quot;,&quot;fcm_token_remotely_updated&quot;,&quot;fcm_token_remote_update_failed&quot;,&quot;jwt_refresh_from_notification_failed&quot;,&quot;empty_token_found&quot;,&quot;empty_token_received&quot;,&quot;api_failed&quot;,&quot;api_error&quot;,&quot;api_time_more_than_500ms&quot;,&quot;play_store_country&quot;,&quot;play_store_country_query_failed&quot;,&quot;splash_screen_viewed&quot;,&quot;splash_screen_exited&quot;,&quot;advertising_id_fetched&quot;,&quot;login_screen_viewed&quot;,&quot;login_activity_created&quot;,&quot;login_page_started&quot;,&quot;login_started&quot;,&quot;login_completed&quot;],&quot;kukufm&quot;:{&quot;latest_version&quot;:&quot;0.5.0&quot;,&quot;latest_version_code&quot;:206,&quot;latest_version_info&quot;:{&quot;btn_text&quot;:&quot;अपडेट करें&quot;,&quot;description&quot;:&quot;आपकी ऐप बहुत पुरानी है, कृपया अपडेट करें।&quot;,&quot;image&quot;:&quot;https://images.cdn.kukufm.com/https://s3.ap-south-1.amazonaws.com/kukufm/static/update_v2.png&quot;,&quot;skip_btn_text&quot;:&quot;बाद में&quot;,&quot;title&quot;:&quot;ऐप अपडेट करें।&quot;},&quot;min_version_code&quot;:206,&quot;min_version_info&quot;:{&quot;btn_text&quot;:&quot;अपडेट करें&quot;,&quot;description&quot;:&quot;आपकी ऐप बहुत पुरानी है, कृपया अपडेट करें।&quot;,&quot;image&quot;:&quot;https://images.cdn.kukufm.com/https://s3.ap-south-1.amazonaws.com/kukufm/static/update_v2.png&quot;,&quot;title&quot;:&quot;ऐप अपडेट करें।&quot;}},&quot;languages&quot;:[{&quot;color&quot;:&quot;#FD6233&quot;,&quot;color_info&quot;:{&quot;bg_color&quot;:&quot;#F8EBD0&quot;,&quot;text_color&quot;:&quot;#A16400&quot;},&quot;id&quot;:1,&quot;image&quot;:&quot;https://images.cdn.kukufm.com/https://kukufm.s3.ap-south-1.amazonaws.com/icons/hindi_1.png&quot;,&quot;is_new&quot;:false,&quot;is_selected&quot;:false,&quot;load_static_home&quot;:true,&quot;popShown&quot;:false,&quot;short_title&quot;:&quot;ह&quot;,&quot;slug&quot;:&quot;hindi&quot;,&quot;title_secondary&quot;:&quot;Hindi&quot;,&quot;title&quot;:&quot;हिंदी&quot;,&quot;uri&quot;:&quot;app://kukufm/home-lang/hindi&quot;},{&quot;color&quot;:&quot;#282E34&quot;,&quot;color_info&quot;:{&quot;bg_color&quot;:&quot;#EBCEF5&quot;,&quot;text_color&quot;:&quot;#671584&quot;},&quot;id&quot;:8,&quot;image&quot;:&quot;https://images.cdn.kukufm.com/https://kukufm.s3.ap-south-1.amazonaws.com/icons/tamil_2.png&quot;,&quot;is_new&quot;:false,&quot;is_selected&quot;:false,&quot;load_static_home&quot;:true,&quot;popShown&quot;:false,&quot;short_title&quot;:&quot;த&quot;,&quot;slug&quot;:&quot;tamil&quot;,&quot;title_secondary&quot;:&quot;Tamil&quot;,&quot;title&quot;:&quot;தமிழ்&quot;,&quot;uri&quot;:&quot;app://kukufm/home-lang/tamil&quot;},{&quot;color&quot;:&quot;#349DD5&quot;,&quot;color_info&quot;:{&quot;bg_color&quot;:&quot;#BAF0E4&quot;,&quot;text_color&quot;:&quot;#007A49&quot;},&quot;id&quot;:4,&quot;image&quot;:&quot;https://images.cdn.kukufm.com/https://kukufm.s3.ap-south-1.amazonaws.com/icons/marathi_1.png&quot;,&quot;is_new&quot;:false,&quot;is_selected&quot;:false,&quot;load_static_home&quot;:true,&quot;popShown&quot;:false,&quot;short_title&quot;:&quot;म&quot;,&quot;slug&quot;:&quot;marathi&quot;,&quot;title_secondary&quot;:&quot;Marathi&quot;,&quot;title&quot;:&quot;मराठी&quot;,&quot;uri&quot;:&quot;app://kukufm/home-lang/marathi&quot;},{&quot;color&quot;:&quot;#4F55C8&quot;,&quot;color_info&quot;:{&quot;bg_color&quot;:&quot;#F3C5F7&quot;,&quot;text_color&quot;:&quot;#8A00BE&quot;},&quot;id&quot;:5,&quot;image&quot;:&quot;https://images.cdn.kukufm.com/https://kukufm.s3.ap-south-1.amazonaws.com/icons/bangla_1.png&quot;,&quot;is_new&quot;:false,&quot;is_selected&quot;:true,&quot;load_static_home&quot;:true,&quot;popShown&quot;:false,&quot;short_title&quot;:&quot;বা&quot;,&quot;slug&quot;:&quot;bengali&quot;,&quot;title_secondary&quot;:&quot;Bangla&quot;,&quot;title&quot;:&quot;বাংলা&quot;,&quot;uri&quot;:&quot;app://kukufm/home-lang/bengali&quot;},{&quot;color&quot;:&quot;#0089B5&quot;,&quot;color_info&quot;:{&quot;bg_color&quot;:&quot;#DCF7BD&quot;,&quot;text_color&quot;:&quot;#0350AA&quot;},&quot;id&quot;:3,&quot;image&quot;:&quot;https://images.cdn.kukufm.com/https://kukufm.s3.ap-south-1.amazonaws.com/icons/telugu_1.png&quot;,&quot;is_new&quot;:false,&quot;is_selected&quot;:false,&quot;load_static_home&quot;:true,&quot;popShown&quot;:false,&quot;short_title&quot;:&quot;త&quot;,&quot;slug&quot;:&quot;telugu&quot;,&quot;title_secondary&quot;:&quot;Telugu&quot;,&quot;title&quot;:&quot;తెలుగు&quot;,&quot;uri&quot;:&quot;app://kukufm/home-lang/telugu&quot;},{&quot;color_info&quot;:{&quot;bg_color&quot;:&quot;#F9F2E1&quot;,&quot;text_color&quot;:&quot;#A2890B&quot;},&quot;id&quot;:13,&quot;image&quot;:&quot;https://images.cdn.kukufm.com/https://kukufm.s3.ap-south-1.amazonaws.com/icons/kannada_1.png&quot;,&quot;is_new&quot;:false,&quot;is_selected&quot;:false,&quot;load_static_home&quot;:true,&quot;popShown&quot;:false,&quot;short_title&quot;:&quot;ಕ&quot;,&quot;slug&quot;:&quot;kannada&quot;,&quot;title_secondary&quot;:&quot;Kannada&quot;,&quot;title&quot;:&quot;ಕನ್ನಡ&quot;,&quot;uri&quot;:&quot;app://kukufm/home-lang/kannada&quot;},{&quot;color&quot;:&quot;#282E34&quot;,&quot;color_info&quot;:{&quot;bg_color&quot;:&quot;#D4D5E3&quot;,&quot;text_color&quot;:&quot;#3239D5&quot;},&quot;id&quot;:9,&quot;image&quot;:&quot;https://images.cdn.kukufm.com/https://kukufm.s3.ap-south-1.amazonaws.com/icons/malayalam_1.png&quot;,&quot;is_new&quot;:false,&quot;is_selected&quot;:false,&quot;load_static_home&quot;:true,&quot;popShown&quot;:false,&quot;short_title&quot;:&quot;ള&quot;,&quot;slug&quot;:&quot;malayalam&quot;,&quot;title_secondary&quot;:&quot;Malayalam&quot;,&quot;title&quot;:&quot;മലയാളം&quot;,&quot;uri&quot;:&quot;app://kukufm/home-lang/malayalam&quot;},{&quot;color&quot;:&quot;#1EC39A&quot;,&quot;color_info&quot;:{&quot;bg_color&quot;:&quot;#F8D3DB&quot;,&quot;text_color&quot;:&quot;#A40023&quot;},&quot;id&quot;:2,&quot;image&quot;:&quot;https://images.cdn.kukufm.com/https://kukufm.s3.ap-south-1.amazonaws.com/icons/english_2.png&quot;,&quot;is_new&quot;:false,&quot;is_selected&quot;:false,&quot;load_static_home&quot;:true,&quot;popShown&quot;:false,&quot;short_title&quot;:&quot;Aa&quot;,&quot;slug&quot;:&quot;english&quot;,&quot;title_secondary&quot;:&quot;English&quot;,&quot;title&quot;:&quot;English&quot;,&quot;uri&quot;:&quot;app://kukufm/home-lang/english&quot;}],&quot;live_match_commentary_data&quot;:{},&quot;otp_country_codes&quot;:[&quot;91&quot;,&quot;1&quot;],&quot;payment_flows&quot;:[{&quot;flow&quot;:&quot;kuku-payment-optimizer&quot;,&quot;type&quot;:&quot;coin&quot;},{&quot;flow&quot;:&quot;kuku-payment-optimizer&quot;,&quot;type&quot;:&quot;subscription&quot;}],&quot;renewal_payment_pending_data&quot;:{},&quot;search_suggestions&quot;:true,&quot;search_tab_items&quot;:[],&quot;should_show_demographic_popup&quot;:false,&quot;show_7_days_ft_nudge&quot;:false,&quot;show_anonymous_login_cross_btn&quot;:true,&quot;show_comment_animation&quot;:false,&quot;show_language_change_icon&quot;:true,&quot;show_leaderboard_intro_popup&quot;:false,&quot;show_new_search_ui&quot;:false,&quot;referral_tooltip_availability&quot;:false,&quot;show_udc_questions&quot;:false,&quot;show_unlock_episode_post_payment&quot;:true,&quot;show_vip_bonus_ribbon&quot;:false,&quot;subscription_pause_durations&quot;:[{&quot;label&quot;:&quot;1 Month&quot;,&quot;value&quot;:30},{&quot;label&quot;:&quot;2 Months&quot;,&quot;value&quot;:60},{&quot;label&quot;:&quot;3 Months&quot;,&quot;value&quot;:90}],&quot;top_bar&quot;:{&quot;is_coin_store_visible&quot;:true,&quot;is_content_language_visible&quot;:true,&quot;is_kuku_logo&quot;:true,&quot;is_profile_visible&quot;:true,&quot;is_search_bar_visible&quot;:true},&quot;udc_delay_timer&quot;:0,&quot;udc_playstore_nudge&quot;:true,&quot;upgrade_plan_data&quot;:{},&quot;uri_redirect_mappings&quot;:{&quot;/direct-trial/&quot;:&quot;app://kukufm/subscription?fromFreeTrial?\u003dtrue&quot;}}</string>
    <boolean name="mlt_is_ads_watching_started" value="false" />
</map>
