<?xml version='1.0' encoding='utf-8' standalone='yes' ?>
<map>
    <string name="app_settings_json">{&quot;status&quot;:1,&quot;app_id&quot;:&quot;ca-app-pub-5112810386375450~7916351291&quot;,&quot;signal_adapters&quot;:[],&quot;adapter_settings&quot;:[{&quot;adapter_class_name&quot;:&quot;com.google.ads.mediation.applovin.AppLovinMediationAdapter&quot;,&quot;permission_set&quot;:[{&quot;platform&quot;:&quot;AD_MANAGER&quot;,&quot;collect_secure_signals&quot;:true,&quot;collect_secure_signals_on_full_app&quot;:true}]},{&quot;adapter_class_name&quot;:&quot;com.google.ads.mediation.facebook.FacebookMediationAdapter&quot;,&quot;permission_set&quot;:[{&quot;platform&quot;:&quot;AD_MANAGER&quot;,&quot;collect_secure_signals&quot;:true,&quot;collect_secure_signals_on_full_app&quot;:true}]},{&quot;adapter_class_name&quot;:&quot;com.google.ads.mediation.mintegral.MintegralMediationAdapter&quot;,&quot;permission_set&quot;:[{&quot;platform&quot;:&quot;AD_MANAGER&quot;,&quot;collect_secure_signals&quot;:true,&quot;collect_secure_signals_on_full_app&quot;:true}]},{&quot;adapter_class_name&quot;:&quot;com.google.ads.mediation.inmobi.InMobiMediationAdapter&quot;,&quot;permission_set&quot;:[{&quot;platform&quot;:&quot;AD_MANAGER&quot;,&quot;collect_secure_signals&quot;:true,&quot;collect_secure_signals_on_full_app&quot;:true}]},{&quot;adapter_class_name&quot;:&quot;com.google.ads.mediation.vungle.VungleMediationAdapter&quot;,&quot;permission_set&quot;:[{&quot;platform&quot;:&quot;AD_MANAGER&quot;,&quot;collect_secure_signals&quot;:true,&quot;collect_secure_signals_on_full_app&quot;:true}]}],&quot;cache_ttl_sec&quot;:259200,&quot;common_settings&quot;:{&quot;loeid&quot;:[44766145,&quot;318502621&quot;],&quot;app_id&quot;:&quot;ca-app-pub-5112810386375450~7916351291&quot;,&quot;eoid_opt_in&quot;:true},&quot;initializer_settings&quot;:{&quot;config&quot;:{}}}</string>
    <long name="app_settings_last_update_ms" value="1766302630110" />
    <int name="version_code" value="204312130" />
    <int name="request_in_session_count" value="7" />
    <boolean name="gad_idless" value="false" />
    <long name="first_ad_req_time_ms" value="1766302631339" />
    <long name="app_last_background_time_ms" value="1766302670039" />
</map>
