<?xml version='1.0' encoding='utf-8' standalone='yes' ?>
<map>
    <string name="prev_event_name">Tab_View</string>
    <int name="AF_CACHE_VERSION" value="1" />
    <long name="prev_event_timestamp" value="1766302655044" />
    <boolean name="didSendRevenueTriggerOnLastBackground" value="true" />
    <int name="appsFlyerInAppEventCount" value="34" />
    <long name="prev_session_dur" value="1" />
    <boolean name="ddl_sent" value="true" />
    <long name="af_rc_max_age" value="86400" />
    <string name="sentSuccessfully">true</string>
    <int name="versionCode" value="204312130" />
    <string name="af_remote_config">eyJmZWF0dXJlcyI6e30sInZlciI6ImRlZmF1bHQudjEuMTYzNzE0OTUyOSJ9</string>
    <string name="savedProperties">{&quot;uid&quot;:&quot;1766302570153-7749989213352188394&quot;,&quot;waitForCustomerId&quot;:&quot;false&quot;,&quot;logLevel&quot;:&quot;0&quot;,&quot;AppUserId&quot;:&quot;26b3a6ad-eef1-491e-b8f2-ee6defb7154a&quot;}</string>
    <string name="AF_INSTALLATION">1766302570153-7749989213352188394</string>
    <long name="exception_number" value="25" />
    <boolean name="afUninstallToken_queued" value="false" />
    <int name="appsFlyerCount" value="6" />
    <long name="AppsFlyerTimePassedSincePrevLaunch" value="1766302668872" />
    <boolean name="newGPReferrerSent" value="true" />
    <long name="af_rc_timestamp" value="1766302571034" />
    <string name="appsFlyerFirstInstall">2025-12-21_073610+0000</string>
    <string name="attributionId">{&quot;install_time&quot;:&quot;2025-12-21 07:36:11.961&quot;,&quot;af_message&quot;:&quot;organic install&quot;,&quot;af_status&quot;:&quot;Organic&quot;,&quot;is_first_launch&quot;:false}</string>
</map>
