<?xml version='1.0' encoding='utf-8' standalone='yes' ?>
<map>
    <boolean name="deep_link_retrieval_complete" value="true" />
    <long name="first_open_time" value="1766302569937" />
    <string name="gmp_app_id">1:170230826584:android:66cb3020e9577d91</string>
    <string name="app_instance_id">08b90ad665031ec847eaf3531f71349c</string>
    <long name="deep_link_retrieval_attempts" value="1" />
    <long name="session_id" value="1766302570" />
    <boolean name="app_backgrounded" value="true" />
    <long name="health_monitor:start" value="1766302570089" />
    <boolean name="use_service" value="true" />
    <boolean name="deferred_analytics_collection" value="false" />
    <string name="previous_os_version">15</string>
    <boolean name="has_been_opened" value="true" />
    <boolean name="allow_remote_dynamite" value="true" />
    <long name="last_pause_time" value="1766302669534" />
    <boolean name="start_new_session" value="false" />
</map>
