<?xml version='1.0' encoding='utf-8' standalone='yes' ?>
<map>
    <string name="customerKey">28bbf0a3decf6d1165032bfd835d6e1844c5d44d</string>
    <long name="lastCachedRemoteConfigTimestamp" value="1766302628111" />
    <string name="installed_before">YES</string>
    <string name="session_state_CAT">{&quot;sessionIndex&quot;:2,&quot;storageMechanism&quot;:&quot;LOCAL_STORAGE&quot;,&quot;firstEventTimestamp&quot;:&quot;2025-12-21T07:37:33.954Z&quot;,&quot;firstEventId&quot;:&quot;2c3204ed-7573-48be-a816-2845ef9b24ce&quot;,&quot;sessionId&quot;:&quot;201b4c12-9ac0-48b0-ac5a-42d7f2040cb9&quot;,&quot;previousSessionId&quot;:&quot;5085faaa-4480-42c2-88d5-5e8562bfbe81&quot;,&quot;userId&quot;:&quot;43ec620e-d327-4988-8aa0-0ed9a0537a25&quot;}</string>
    <string name="sensorVersion">1.2.1</string>
    <string name="sdkConfig">{&quot;iId&quot;:1181945837,&quot;clId&quot;:&quot;227326566.1150895659.1487347570.197974290&quot;,&quot;eventIndex&quot;:79}</string>
    <string name="SPInstallationUserId">43ec620e-d327-4988-8aa0-0ed9a0537a25</string>
</map>
