<?xml version='1.0' encoding='utf-8' standalone='yes' ?>
<map>
    <long name="fire-count" value="1" />
    <string name="last-used-date">2025-12-21</string>
    <long name="fire-global" value="1766302651169" />
    <set name="kotlin/2.1.21 device-brand/vivo fire-installations/18.0.0 fire-rc/22.1.2 fire-fcm-ktx/24.1.2 fire-abt/21.1.1 fire-core/21.0.0 fire-core-ktx/21.0.0 android-installer/com.google.android.packageinstaller android-platform/ fire-cls/19.4.4 fire-sessions/2.1.2 device-model/V2513 android-target-sdk/35 fire-transport/19.0.0 device-name/V2513i android-min-sdk/26 fire-perf-ktx/21.0.5 fire-android/35 fire-fcm/24.1.2 fire-perf/21.0.5 fire-analytics/22.5.0 fire-cfg-ktx/22.1.2 fire-analytics-ktx/22.5.0">
        <string>2025-12-21</string>
    </set>
</map>
