<?xml version='1.0' encoding='utf-8' standalone='yes' ?>
<map>
    <string name="instance:RKW-4R7-785Z">{&quot;accountId&quot;:&quot;RKW-4R7-785Z&quot;,&quot;accountToken&quot;:&quot;a24-032&quot;,&quot;analyticsOnly&quot;:false,&quot;isDefaultInstance&quot;:false,&quot;useGoogleAdId&quot;:true,&quot;disableAppLaunchedEvent&quot;:false,&quot;personalization&quot;:true,&quot;debugLevel&quot;:0,&quot;createdPostAppLaunch&quot;:true,&quot;sslPinning&quot;:false,&quot;backgroundSync&quot;:true,&quot;getEnableCustomCleverTapId&quot;:false,&quot;beta&quot;:false,&quot;encryptionLevel&quot;:0,&quot;encryptionInTransit&quot;:&quot;0&quot;,&quot;allowedPushTypes&quot;:[]}</string>
    <int name="istmcd_inapp:__gb23188a2001a4eed832ac3e5f43e752e:RKW-4R7-785Z" value="10" />
    <string name="pfworkid">RKW-4R7-785Z</string>
    <string name="ict_date:__gb23188a2001a4eed832ac3e5f43e752e:RKW-4R7-785Z">21122025</string>
    <string name="variablesKey:RKW-4R7-785Z">{}</string>
    <int name="imc:__8a2c11de7ed4458a8622b5f07dd25aa5:RKW-4R7-785Z" value="1" />
    <int name="comms_last_ts:RKW-4R7-785Z" value="1766302656" />
    <int name="istmcd_inapp:__8a2c11de7ed4458a8622b5f07dd25aa5:RKW-4R7-785Z" value="10" />
    <int name="encryptionLevel:RKW-4R7-785Z" value="0" />
    <int name="sexe:RKW-4R7-785Z" value="1766302669" />
    <string name="SP_KEY_PROFILE_IDENTITIES:RKW-4R7-785Z">Email,Identity</string>
    <boolean name="ssInAppMigrated:RKW-4R7-785Z" value="true" />
    <string name="ict_date:__8a2c11de7ed4458a8622b5f07dd25aa5:RKW-4R7-785Z">21122025</string>
    <int name="istc_inapp:__gb23188a2001a4eed832ac3e5f43e752e:RKW-4R7-785Z" value="1" />
    <int name="comms_first_ts:RKW-4R7-785Z" value="1766302601" />
    <int name="comms_mtd:RKW-4R7-785Z" value="0" />
    <string name="inApp:RKW-4R7-785Z">[]</string>
    <int name="imc:__gb23188a2001a4eed832ac3e5f43e752e:RKW-4R7-785Z" value="1" />
    <string name="cachedGUIDsKey:RKW-4R7-785Z">{&quot;Email_N\/A&quot;:&quot;__gb23188a2001a4eed832ac3e5f43e752e&quot;,&quot;Identity_&quot;:&quot;__gb23188a2001a4eed832ac3e5f43e752e&quot;,&quot;Identity_Z5X_f57678051d0e7d4aee27ea458f43bf306191a46e2575b315aded8ecf0cc0560a&quot;:&quot;__gb23188a2001a4eed832ac3e5f43e752e&quot;,&quot;Email_&quot;:&quot;__8a2c11de7ed4458a8622b5f07dd25aa5&quot;,&quot;Identity_26b3a6ad-eef1-491e-b8f2-ee6defb7154a&quot;:&quot;__8a2c11de7ed4458a8622b5f07dd25aa5&quot;}</string>
    <int name="istc_inapp:__8a2c11de7ed4458a8622b5f07dd25aa5:RKW-4R7-785Z" value="0" />
    <int name="encryptionMigrationFailureCount:RKW-4R7-785Z" value="0" />
    <string name="comms_dmn:RKW-4R7-785Z">in1.clevertap-prod.com</string>
    <string name="deviceId:RKW-4R7-785Z">__8a2c11de7ed4458a8622b5f07dd25aa5</string>
    <string name="comms_dmn_spiky:RKW-4R7-785Z">in1-spiky.clevertap-prod.com</string>
    <int name="lastSessionId:RKW-4R7-785Z" value="1766302653" />
    <long name="last_assets_cleanup" value="1766302627877" />
</map>
