<?xml version='1.0' encoding='utf-8' standalone='yes' ?>
<map>
    <int name="d_ts" value="0" />
    <int name="dh" value="0" />
    <int name="hgt" value="4" />
    <string name="av">39.33.4</string>
    <int name="v" value="2" />
    <int name="wdt" value="2" />
    <string name="j_n">ZWtnegQGBAZhbg==</string>
    <string name="i_n">ZWtnegQGBAZhbg==</string>
    <int name="r_ts" value="1766302601" />
    <string name="id">RKW-4R7-785Z</string>
    <string name="k_n">DHgIfmpvVwFgbGVzZ29jLwJVBlBjOzcuZW03KgYFCVJjaTAtZGpkegsBUABhP2B+YG8weAMFUFAyPmouNDxiKFEABAJnO3AW</string>
    <string name="j_s">{}</string>
</map>
