<?xml version='1.0' encoding='utf-8' standalone='yes' ?>
<map>
    <int name="__triggers_1766243676" value="1" />
    <int name="__triggers_1766079658" value="1" />
    <int name="__triggers_1765991220" value="1" />
    <int name="__triggers_1766223300" value="1" />
    <int name="__triggers_1766078860" value="1" />
    <int name="__triggers_1766223463" value="1" />
    <int name="__triggers_1766141119" value="1" />
    <int name="__triggers_1766079348" value="1" />
    <int name="__triggers_1766040859" value="1" />
    <int name="__triggers_1766243426" value="1" />
    <int name="__triggers_1766079158" value="1" />
</map>
