<?xml version='1.0' encoding='utf-8' standalone='yes' ?>
<map>
    <string name="Login Result:RKW-4R7-785Z">1|1766302602|1766302602</string>
    <string name="page_visit:RKW-4R7-785Z">5|1766302572|1766302609</string>
    <string name="Landing on Login / Registration Screen:RKW-4R7-785Z">1|1766302579|1766302579</string>
    <string name="af_login:RKW-4R7-785Z">2|1766302602|1766302602</string>
    <string name="Screen View:RKW-4R7-785Z">3|1766302571|1766302591</string>
    <string name="Mobile_Login_start:RKW-4R7-785Z">1|1766302590|1766302590</string>
    <string name="Login Success:RKW-4R7-785Z">1|1766302602|1766302602</string>
    <string name="CTAs:RKW-4R7-785Z">6|1766302578|1766302609</string>
    <string name="Login Screen Display:RKW-4R7-785Z">1|1766302579|1766302579</string>
    <string name="First Launch:RKW-4R7-785Z">1|1766302571|1766302571</string>
    <string name="Widget Impression:RKW-4R7-785Z">6|1766302572|1766302602</string>
    <string name="Notification Viewed:RKW-4R7-785Z">1|1766302575|1766302575</string>
    <string name="App session:RKW-4R7-785Z">1|1766302571|1766302571</string>
    <string name="Username Entered:RKW-4R7-785Z">1|1766302584|1766302584</string>
    <string name="Login Registration Screen Display:RKW-4R7-785Z">1|1766302579|1766302579</string>
    <string name="App Launched:RKW-4R7-785Z">2|1766302572|1766302601</string>
    <string name="Mobile_Login_Successful:RKW-4R7-785Z">1|1766302602|1766302602</string>
    <string name="Mobile_password_change_reset:RKW-4R7-785Z">1|1766302600|1766302600</string>
    <string name="Login Submit:RKW-4R7-785Z">1|1766302600|1766302600</string>
    <string name="App Install:RKW-4R7-785Z">1|1766302572|1766302572</string>
    <string name="signin_success:RKW-4R7-785Z">2|1766302602|1766302602</string>
</map>
