<?xml version='1.0' encoding='utf-8' standalone='yes' ?>
<map>
    <string name="feature_usage_package_name">com.viewlift.hoichoi</string>
    <long name="feature_usage_timestamp_detected_feature_33" value="1766914362688" />
    <long name="feature_usage_timestamp_detected_feature_3" value="1766914362742" />
    <long name="feature_usage_timestamp_detected_feature_12" value="1766914362750" />
    <long name="feature_usage_last_report_time" value="1766914333937" />
    <long name="feature_usage_timestamp_detected_feature_15" value="1766914362743" />
    <string name="feature_usage_sdk_version">21.2.0</string>
    <long name="feature_usage_timestamp_reported_feature_5" value="1766914333914" />
    <long name="feature_usage_timestamp_detected_feature_18" value="1766914363690" />
</map>
