<?xml version='1.0' encoding='utf-8' standalone='yes' ?>
<map>
    <long name="first_open_time" value="1766914331322" />
    <string name="gmp_app_id">1:525148171038:android:1518edc0290a20d1</string>
    <string name="app_instance_id">465e61959a269a9e74ae3e38bcbd4830</string>
    <long name="session_id" value="1766914331" />
    <boolean name="app_backgrounded" value="true" />
    <long name="health_monitor:start" value="1766914331480" />
    <boolean name="use_service" value="true" />
    <boolean name="deferred_analytics_collection" value="false" />
    <string name="previous_os_version">15</string>
    <boolean name="has_been_opened" value="true" />
    <boolean name="allow_remote_dynamite" value="true" />
    <long name="last_pause_time" value="1766914364316" />
    <boolean name="start_new_session" value="false" />
</map>
