<?xml version='1.0' encoding='utf-8' standalone='yes' ?>
<map>
    <set name="fire-core/20.3.0 device-brand/vivo fire-cls/18.3.5 fire-analytics-ktx/21.2.0 fire-core-ktx/20.3.0 fire-app-check-play-integrity/16.1.1 fire-analytics/21.2.0 fire-fcm/23.1.1 fire-auth/21.1.0 fire-abt/21.1.0 fire-cfg-ktx/21.2.1 android-installer/com.google.android.packageinstaller fire-iamd-ktx/20.3.0 android-platform/ android-min-sdk/21 device-model/V2513 fire-transport/18.1.7 android-target-sdk/33 device-name/V2513i fire-perf/20.3.1 fire-cls-ktx/18.3.5 fire-fiam/20.3.0 kotlin/1.8.10 fire-app-check-debug/16.1.1 fire-fiamd/20.3.0 fire-dl-ktx/21.1.0 fire-app-check/16.1.1 fire-android/35 fire-auth-ktx/21.1.0 fire-installations/17.1.2 fire-rc/21.2.1 fire-fcm-ktx/23.1.1 fire-iam-ktx/20.3.0 fire-dl/21.1.0 fire-perf-ktx/20.3.1">
        <string>2025-12-28</string>
    </set>
    <long name="fire-count" value="1" />
    <string name="last-used-date">2025-12-28</string>
    <long name="fire-global" value="1766914331404" />
</map>
