<?xml version='1.0' encoding='utf-8' standalone='yes' ?>
<map>
    <int name="comms_mtd:8W6-4W8-8R5Z" value="0" />
    <int name="comms_first_ts:8W6-4W8-8R5Z" value="1766914334" />
    <string name="deviceId:8W6-4W8-8R5Z">__363dd191d7784a1bb2a757480d7c06e2</string>
    <string name="inApp:8W6-4W8-8R5Z">[]</string>
    <string name="ict_date:__363dd191d7784a1bb2a757480d7c06e2:8W6-4W8-8R5Z">28122025</string>
    <string name="instance:8W6-4W8-8R5Z">{&quot;accountId&quot;:&quot;8W6-4W8-8R5Z&quot;,&quot;accountToken&quot;:&quot;b04-60b&quot;,&quot;analyticsOnly&quot;:false,&quot;isDefaultInstance&quot;:true,&quot;useGoogleAdId&quot;:false,&quot;disableAppLaunchedEvent&quot;:false,&quot;personalization&quot;:true,&quot;debugLevel&quot;:0,&quot;createdPostAppLaunch&quot;:false,&quot;sslPinning&quot;:false,&quot;backgroundSync&quot;:true,&quot;getEnableCustomCleverTapId&quot;:false,&quot;beta&quot;:false,&quot;allowedPushTypes&quot;:[&quot;FCM&quot;,&quot;XPS&quot;,&quot;HPS&quot;,&quot;BPS&quot;,&quot;ADM&quot;]}</string>
    <int name="istc_inapp:__363dd191d7784a1bb2a757480d7c06e2:8W6-4W8-8R5Z" value="1" />
    <string name="comms_dmn_spiky:8W6-4W8-8R5Z">eu1-spiky.clevertap-prod.com</string>
    <int name="lastSessionId:8W6-4W8-8R5Z" value="1766914331" />
    <string name="fcm_token:8W6-4W8-8R5Z">fUk4vTlITQS4AwkmOEC3Vg:APA91bF9WIxZNvIJpRRJxTqagKM61uiewTr9FCkEU0yMcGvRLj1HnlllYu7lUMGvkC3HvPU9y0s85pl_WQbYZPeAA9Yuq4YEO-PdOmyEEVXUQzofxOLeTh8</string>
    <int name="pfjobid" value="1446625357" />
    <string name="SP_KEY_PROFILE_IDENTITIES:8W6-4W8-8R5Z">Email,Identity</string>
    <int name="sexe:8W6-4W8-8R5Z" value="1766914364" />
    <string name="comms_dmn:8W6-4W8-8R5Z">eu1.clevertap-prod.com</string>
    <string name="cachedGUIDsKey:8W6-4W8-8R5Z">{&quot;Identity_5ead8309-8a86-4b95-a56b-e2cc7179220c&quot;:&quot;__363dd191d7784a1bb2a757480d7c06e2&quot;,&quot;email_mylastuid@gmail.com&quot;:&quot;__363dd191d7784a1bb2a757480d7c06e2&quot;}</string>
    <int name="istmcd_inapp:__363dd191d7784a1bb2a757480d7c06e2:8W6-4W8-8R5Z" value="3" />
    <int name="imc:__363dd191d7784a1bb2a757480d7c06e2:8W6-4W8-8R5Z" value="1" />
    <int name="comms_last_ts:8W6-4W8-8R5Z" value="1766914369" />
</map>
