<?xml version='1.0' encoding='utf-8' standalone='yes' ?>
<map>
    <int name="d_ts" value="1766914335" />
    <int name="dh" value="-1276176571" />
    <int name="hgt" value="4" />
    <string name="av">3.0.27</string>
    <int name="v" value="2" />
    <int name="wdt" value="2" />
    <string name="j_n">ZmhnewoBCABh</string>
    <string name="i_n">ZmJkfQEICAxi</string>
    <int name="r_ts" value="1766914369" />
    <string name="id">8W6-4W8-8R5Z</string>
    <string name="j_s">{}</string>
</map>
