<?xml version='1.0' encoding='utf-8' standalone='yes' ?>
<map>
    <string name="prev_event_name">number_verified</string>
    <long name="prev_event_timestamp" value="1766738044990" />
    <int name="appsFlyerInAppEventCount" value="2" />
    <long name="prev_session_dur" value="49" />
    <string name="afUninstallToken">cAttlQndTfWDz9Q6NGxS48:APA91bH_TZQWpbago-vsnUxIVJR5HNjn8deB6UE5J_qFPOJOhmRaliMBBfQFVB_yznR_oucqzZfoRzekGtO1sTrI6pD2ZkmlhrfffawntkczQLwThnlF0zM</string>
    <boolean name="ddl_sent" value="true" />
    <long name="af_rc_max_age" value="86400" />
    <string name="sentSuccessfully">true</string>
    <int name="versionCode" value="202531001" />
    <string name="af_remote_config">eyJmZWF0dXJlcyI6e30sInZlciI6ImRlZmF1bHQudjEuMTYzNzE0OTUyOSJ9</string>
    <boolean name="sentRegisterRequestToAF" value="true" />
    <string name="savedProperties">{&quot;uid&quot;:&quot;1766738015169-2352251239283490476&quot;,&quot;waitForCustomerId&quot;:&quot;false&quot;,&quot;logLevel&quot;:&quot;0&quot;,&quot;AppUserId&quot;:&quot;f51e591d0db3ea64&quot;}</string>
    <string name="AF_INSTALLATION">1766738015169-2352251239283490476</string>
    <boolean name="afUninstallToken_queued" value="false" />
    <int name="appsFlyerCount" value="4" />
    <long name="AppsFlyerTimePassedSincePrevLaunch" value="1767008808598" />
    <boolean name="newGPReferrerSent" value="true" />
    <long name="af_rc_timestamp" value="1767008808493" />
    <string name="first_launch">{&quot;net&quot;:781,&quot;from_fg&quot;:645,&quot;start_with&quot;:&quot;application&quot;,&quot;init_to_fg&quot;:25}</string>
    <string name="appsFlyerFirstInstall">2025-12-26_140335+0530</string>
    <long name="afUninstallToken_received_time" value="1766738017913" />
    <string name="attributionId">{&quot;install_time&quot;:&quot;2025-12-26 08:33:36.785&quot;,&quot;af_message&quot;:&quot;organic install&quot;,&quot;af_status&quot;:&quot;Organic&quot;,&quot;is_first_launch&quot;:false}</string>
</map>
