<?xml version='1.0' encoding='utf-8' standalone='yes' ?>
<map>
    <long name="last_upload" value="1767008815674" />
    <long name="first_open_time" value="1767008793816" />
    <string name="gmp_app_id">1:412826138735:android:8a32f791e415634f2ff59a</string>
    <string name="app_instance_id">91b1ea6e3b1404c5195f90e46ce080a5</string>
    <long name="session_id" value="1767008793" />
    <boolean name="app_backgrounded" value="true" />
    <long name="health_monitor:start" value="1767008793877" />
    <boolean name="deferred_analytics_collection" value="false" />
    <long name="last_delete_stale" value="879343616" />
    <string name="default_event_parameters">[{&quot;n&quot;:&quot;sc_session_id&quot;,&quot;v&quot;:&quot;4634065954_304c3d0c-5db1-4455-aaf8-89971c4af14c&quot;,&quot;t&quot;:&quot;s&quot;}]</string>
    <string name="previous_os_version">15</string>
    <boolean name="has_been_opened" value="true" />
    <string name="health_monitor:value">2WC82001:Table has extra columns. table, columns: -, -</string>
    <boolean name="allow_remote_dynamite" value="true" />
    <long name="last_pause_time" value="1767008857126" />
    <long name="midnight_offset" value="34871348" />
    <boolean name="start_new_session" value="false" />
    <long name="health_monitor:count" value="117" />
    <long name="last_upload_attempt" value="0" />
</map>
