<?xml version='1.0' encoding='utf-8' standalone='yes' ?>
<map>
    <boolean name="had_persisted_distinct_id" value="false" />
    <string name="super_properties">{&quot;PLATFORM&quot;:&quot;Android&quot;,&quot;DEVICE-ID&quot;:&quot;a4ca974a2514dfb0&quot;,&quot;SID&quot;:[&quot;9315441351&quot;],&quot;RMN&quot;:&quot;9315441351&quot;,&quot;USER-TYPE&quot;:&quot;NON-TP&quot;,&quot;C-ID&quot;:&quot;2075967992&quot;}</string>
    <boolean name="events_user_id_present" value="true" />
    <string name="people_distinct_id">BINGE-4745574d4d5945eeabbf65b15edeb4d2</string>
    <string name="events_distinct_id">BINGE-4745574d4d5945eeabbf65b15edeb4d2</string>
    <string name="anonymous_id">d526d215-caf1-4a3c-a338-8216a5f1f66e</string>
</map>
