<?xml version='1.0' encoding='utf-8' standalone='yes' ?>
<map>
    <long name="com.rzmod.Raj.classes.cloneTimestamp" value="1766748700509" />
    <long name="com.facebook.appevents.SessionInfo.sessionStartTime" value="1766748734847" />
    <long name="com.facebook.appevents.SessionInfo.sessionEndTime" value="1766748739069" />
    <boolean name="bg_startup_tracing" value="false" />
    <int name="com.facebook.appevents.SessionInfo.interruptionCount" value="0" />
    <int name="com.rzmod.Raj.classes.originalInstallVersionCode" value="34" />
    <string name="com.facebook.appevents.SessionInfo.sessionId">fb485692-a673-431c-a9c7-dcdcd9919fe3</string>
</map>
