<?xml version='1.0' encoding='utf-8' standalone='yes' ?>
<map>
    <int name="appVersion" value="34" />
    <string name="user_session">{&quot;session_id&quot;:&quot;fa4d5076-7dd6-48ba-96b7-7832d029fe69&quot;,&quot;start_time&quot;:&quot;2025-12-26T11:30:42.476Z&quot;,&quot;last_interaction_time&quot;:1766748642476}</string>
    <long name="inapp_html_assets_delete_time" value="1766748643" />
    <boolean name="has_registered_for_verification" value="false" />
    <string name="registration_id">dq88KNMoT3eRcl-QF5nWHv:APA91bHoti9Qyhlrjxqze5hZU8ypGLjk6m5rt2SToALtOhDsFBV6TB0jHIeR0Ziol1ihjlCnqP99DZNBGir102kgk0e-_dgbZ8JuNJIRWSbTb4QMKHCSFyo</string>
    <boolean name="pref_installed" value="true" />
    <string name="APP_UUID">83b4e91c-4019-4215-bef8-b689c3e5c0a3</string>
    <boolean name="is_device_registered" value="false" />
    <long name="last_config_sync_time" value="1766748643683" />
</map>
