<?xml version='1.0' encoding='utf-8' standalone='yes' ?>
<map>
    <string name="PREFS_PROFILE_ID">VR_8b8fa41f0799455b960101b82dd0b4f6</string>
    <boolean name="PREFS_WATCH_NOTIFICATION" value="true" />
    <int name="PREF_HOTSTAR_POPUP_COUNT" value="0" />
    <boolean name="PREF_KEY_FIRESTICK_TAKEN_STATUS" value="false" />
    <boolean name="PREF_KEY_IS_ELIGIBLE_FOR_FREE_TRIAL" value="false" />
    <string name="PREF_KEY_GAUTH_TOKEN">RandomValue@#123</string>
    <boolean name="FIRST_TIME_LANDING_HOME_AFTER_LAUNCH" value="false" />
    <boolean name="PREF_KEY_INTERRUPT_CATEGORIES_PAGE" value="true" />
    <long name="PREF_KEY_FIRESTICK_DIALOG_FIRST_VISIBLE_TIME" value="0" />
    <string name="ACCESS_TOKEN">ck611hMYoGIeu2FGvNh1fpiPNF0Ea1d7</string>
    <string name="PREF_KEY_DSN">a4ca974a2514dfb0</string>
    <string name="PREFS_USER_DETAILS">{&quot;baId&quot;:&quot;1010173618&quot;,&quot;bingeSubscriberId&quot;:&quot;2075967992&quot;,&quot;deviceAuthenticateToken&quot;:&quot;wa0ZNRjyz33u6AVhUIbHuHL6Xz3MhAFD&quot;,&quot;deviceDTOList&quot;:[{&quot;atvCancelled&quot;:false,&quot;baId&quot;:&quot;&quot;,&quot;deviceName&quot;:&quot;Ayush\u0027s Vivo V2513&quot;,&quot;deviceNumber&quot;:&quot;a4ca974a2514dfb0&quot;,&quot;deviceStatus&quot;:&quot;ACTIVATION&quot;,&quot;deviceType&quot;:&quot;Android&quot;,&quot;ofsDevice&quot;:false},{&quot;atvCancelled&quot;:false,&quot;baId&quot;:&quot;&quot;,&quot;deviceName&quot;:&quot;Ayush\u0027s Xiaomi MIBOX4 2nd&quot;,&quot;deviceNumber&quot;:&quot;0da94b6f0272c689&quot;,&quot;deviceStatus&quot;:&quot;ACTIVATION&quot;,&quot;deviceType&quot;:&quot;BINGE_OPEN_TV&quot;,&quot;ofsDevice&quot;:false},{&quot;atvCancelled&quot;:false,&quot;baId&quot;:&quot;&quot;,&quot;deviceName&quot;:&quot;Ayush\u0027s Web 3rd&quot;,&quot;deviceNumber&quot;:&quot;1766506659593&quot;,&quot;deviceStatus&quot;:&quot;ACTIVATION&quot;,&quot;deviceType&quot;:&quot;WEB&quot;,&quot;ofsDevice&quot;:false},{&quot;atvCancelled&quot;:false,&quot;baId&quot;:&quot;&quot;,&quot;deviceName&quot;:&quot;Ayush\u0027s Web 4th&quot;,&quot;deviceNumber&quot;:&quot;1766724435272&quot;,&quot;deviceStatus&quot;:&quot;ACTIVATION&quot;,&quot;deviceType&quot;:&quot;WEB&quot;,&quot;ofsDevice&quot;:false}],&quot;deviceSerialNumber&quot;:&quot;a4ca974a2514dfb0&quot;,&quot;dthStatus&quot;:&quot;Non DTH User&quot;,&quot;firstPaidPackSubscriptionDate&quot;:&quot;14/09/2025&quot;,&quot;firstTimeLogin&quot;:true,&quot;firstTimeLoginDate&quot;:&quot;2025-03-26 02:29:29&quot;,&quot;freeTrialAvailed&quot;:true,&quot;fsTaken&quot;:false,&quot;helpCenterToken&quot;:&quot;c43f0cc7d8074848bc05be2b124e7d53&quot;,&quot;loginFreeTrialAvailed&quot;:false,&quot;migrated&quot;:false,&quot;mixpanelid&quot;:&quot;BINGE-4745574d4d5945eeabbf65b15edeb4d2&quot;,&quot;bingeAccountCount&quot;:1,&quot;deviceLoginCount&quot;:1,&quot;parentalPinExist&quot;:false,&quot;primePackDetails&quot;:{&quot;expiryDate&quot;:&quot;&quot;,&quot;imageUrl&quot;:&quot;&quot;,&quot;packStatus&quot;:false,&quot;cancelled&quot;:false,&quot;title&quot;:&quot;&quot;},&quot;profileId&quot;:&quot;VR_8b8fa41f0799455b960101b82dd0b4f6&quot;,&quot;profileName&quot;:&quot;Ayush bhai&quot;,&quot;rechargeDueDate&quot;:&quot;12/01/2026&quot;,&quot;referenceId&quot;:&quot;59b46592c2ff4642aa5b9f24d1031b38&quot;,&quot;rmn&quot;:&quot;9315441351&quot;,&quot;subscriberId&quot;:&quot;9315441351&quot;,&quot;subscriberType&quot;:&quot;FREEMIUM&quot;,&quot;subscriptionStatus&quot;:&quot;FREEMIUM&quot;,&quot;subscriptionStatusInfo&quot;:{&quot;allowPG&quot;:false,&quot;loginToastFlag&quot;:false,&quot;newUser&quot;:false,&quot;nonSubscribedToPack&quot;:false,&quot;nonSubscribedToSamePack&quot;:false,&quot;subscribedToSamePack&quot;:false},&quot;subscriptionType&quot;:&quot;FREEMIUM&quot;,&quot;sufficientBalance&quot;:true,&quot;totalPaidPackRenewal&quot;:&quot;17&quot;,&quot;userAuthenticateToken&quot;:&quot;ck611hMYoGIeu2FGvNh1fpiPNF0Ea1d7&quot;}</string>
    <int name="PREF_KEY_NUMBER_BA_ACCOUNT" value="1" />
    <boolean name="PREF_KEY_IS_TRAILER_AUTOPLAY" value="false" />
    <string name="PREF_KEY_PACK_SUBSCRIBED">{&quot;DTH&quot;:false,&quot;amount&quot;:&quot;\u0026#8377;149/1 month&quot;,&quot;amountValue&quot;:&quot;149.00&quot;,&quot;analyticsInfo&quot;:{&quot;HOTSTAR&quot;:{&quot;enabled&quot;:true,&quot;idSiteValue&quot;:&quot;29&quot;},&quot;ZEE5&quot;:{&quot;enabled&quot;:true,&quot;idSiteValue&quot;:&quot;29&quot;}},&quot;burnType&quot;:&quot;MBR&quot;,&quot;cancelLink&quot;:false,&quot;componentList&quot;:[{&quot;partnerList&quot;:[{&quot;iconUrl&quot;:&quot;https://tstatic.videoready.tv/cms-ui/images/custom-content/1695755040568.png&quot;,&quot;included&quot;:true,&quot;partnerId&quot;:&quot;1&quot;,&quot;partnerName&quot;:&quot;hotstar&quot;,&quot;premiumPartner&quot;:true,&quot;starterPackHighlightApp&quot;:false},{&quot;iconUrl&quot;:&quot;https://tstatic.videoready.tv/cms-ui/images/custom-content/1749540816790.png&quot;,&quot;included&quot;:true,&quot;partnerId&quot;:&quot;7&quot;,&quot;partnerName&quot;:&quot;ZEE5&quot;,&quot;premiumPartner&quot;:false,&quot;starterPackHighlightApp&quot;:false},{&quot;iconUrl&quot;:&quot;https://tstatic.videoready.tv/cms-ui/images/custom-content/1701323184795.png&quot;,&quot;included&quot;:true,&quot;partnerId&quot;:&quot;40&quot;,&quot;partnerName&quot;:&quot;FanCode&quot;,&quot;premiumPartner&quot;:false,&quot;starterPackHighlightApp&quot;:false},{&quot;iconUrl&quot;:&quot;https://uat.tstatic.videoready.tv/cms-ui/images/custom-content/1694600135418.png&quot;,&quot;included&quot;:true,&quot;partnerId&quot;:&quot;37&quot;,&quot;partnerName&quot;:&quot;PlayFlix&quot;,&quot;premiumPartner&quot;:false,&quot;starterPackHighlightApp&quot;:false},{&quot;iconUrl&quot;:&quot;https://tstatic.videoready.tv/cms-ui/images/custom-content/1695755041448.png&quot;,&quot;included&quot;:true,&quot;partnerId&quot;:&quot;16&quot;,&quot;partnerName&quot;:&quot;docuBay&quot;,&quot;premiumPartner&quot;:false,&quot;starterPackHighlightApp&quot;:false},{&quot;iconUrl&quot;:&quot;https://tstatic.videoready.tv/cms-ui/images/custom-content/1695755043864.png&quot;,&quot;included&quot;:true,&quot;partnerId&quot;:&quot;29&quot;,&quot;partnerName&quot;:&quot;Travelxp&quot;,&quot;premiumPartner&quot;:false,&quot;starterPackHighlightApp&quot;:false},{&quot;iconUrl&quot;:&quot;https://tstatic.videoready.tv/cms-ui/images/custom-content/1695755044976.png&quot;,&quot;included&quot;:true,&quot;partnerId&quot;:&quot;33&quot;,&quot;partnerName&quot;:&quot;VROTT&quot;,&quot;premiumPartner&quot;:false,&quot;starterPackHighlightApp&quot;:false},{&quot;iconUrl&quot;:&quot;https://tstatic.videoready.tv/cms-ui/images/custom-content/1705984621629.png&quot;,&quot;included&quot;:true,&quot;partnerId&quot;:&quot;43&quot;,&quot;partnerName&quot;:&quot;Animax&quot;,&quot;premiumPartner&quot;:false,&quot;starterPackHighlightApp&quot;:false},{&quot;iconUrl&quot;:&quot;https://tstatic.videoready.tv/cms-ui/images/custom-content/1695755045125.png&quot;,&quot;included&quot;:true,&quot;partnerId&quot;:&quot;34&quot;,&quot;partnerName&quot;:&quot;HallmarkMoviesNow&quot;,&quot;premiumPartner&quot;:false,&quot;starterPackHighlightApp&quot;:false},{&quot;iconUrl&quot;:&quot;https://tstatic.videoready.tv/cms-ui/images/custom-content/1695755045336.png&quot;,&quot;included&quot;:true,&quot;partnerId&quot;:&quot;35&quot;,&quot;partnerName&quot;:&quot;Fuse&quot;,&quot;premiumPartner&quot;:false,&quot;starterPackHighlightApp&quot;:false},{&quot;iconUrl&quot;:&quot;https://tstatic.videoready.tv/cms-ui/images/custom-content/1695755043217.png&quot;,&quot;included&quot;:true,&quot;partnerId&quot;:&quot;26&quot;,&quot;partnerName&quot;:&quot;ShortsTV&quot;,&quot;premiumPartner&quot;:false,&quot;starterPackHighlightApp&quot;:false},{&quot;iconUrl&quot;:&quot;https://tstatic.videoready.tv/cms-ui/images/custom-content/1695755040946.png&quot;,&quot;included&quot;:true,&quot;partnerId&quot;:&quot;13&quot;,&quot;partnerName&quot;:&quot;curiosityStream&quot;,&quot;premiumPartner&quot;:true,&quot;starterPackHighlightApp&quot;:false},{&quot;iconUrl&quot;:&quot;https://uat.tstatic.videoready.tv/cms-ui/images/custom-content/1704864501240.png&quot;,&quot;included&quot;:true,&quot;partnerId&quot;:&quot;44&quot;,&quot;partnerName&quot;:&quot;DistroTV&quot;,&quot;premiumPartner&quot;:false,&quot;starterPackHighlightApp&quot;:false},{&quot;iconUrl&quot;:&quot;https://tstatic.videoready.tv/cms-ui/images/custom-content/1740396450927.png&quot;,&quot;included&quot;:true,&quot;partnerId&quot;:&quot;45&quot;,&quot;partnerName&quot;:&quot;TataplaySpecials&quot;,&quot;premiumPartner&quot;:true,&quot;starterPackHighlightApp&quot;:false}],&quot;componentId&quot;:&quot;BINGEMON106&quot;,&quot;componentName&quot;:&quot;Flexi Mini&quot;,&quot;numberOfApps&quot;:&quot;13 Apps&quot;}],&quot;contentPlayBackHybrid&quot;:true,&quot;contentPlayBack&quot;:false,&quot;deviceCancellationFlag&quot;:false,&quot;deviceDetails&quot;:{&quot;url&quot;:&quot;https://tstatic.videoready.tv/cms-ui/images/custom-content/1695798895674.png&quot;,&quot;platformName&quot;:&quot;Mobile, Laptop \u0026 TV*&quot;},&quot;downgradeRequested&quot;:false,&quot;fsEligibility&quot;:false,&quot;expirationDate&quot;:&quot;12/01/2026&quot;,&quot;expiredWithinSixtyDays&quot;:false,&quot;expiryFooterMessage&quot;:&quot;Your plan will auto-renew on 13/01/2026.\nYou\u0027ll get a renewal reminder closer to the renewal date.&quot;,&quot;fdoRequested&quot;:false,&quot;flexiPlan&quot;:true,&quot;logout&quot;:false,&quot;freeTrialNudgesDetails&quot;:{&quot;currentDay&quot;:-17,&quot;renewNudgeButton&quot;:&quot;Get Plan&quot;,&quot;renewNudgeMessage&quot;:&quot;Go VIP to watch Premium Content.&quot;,&quot;renewNudgeTitle&quot;:&quot;Free Trial Expired&quot;,&quot;nudgeToShowOnWhichDayAfterExpiry&quot;:10,&quot;nudgeToShowOnWhichDayBeforeExpiry&quot;:5},&quot;freeTrialStatus&quot;:false,&quot;combo&quot;:false,&quot;fsTaken&quot;:false,&quot;gameZopInfo&quot;:{&quot;gameZopIcon&quot;:&quot;https://tstatic.videoready.tv/cms-ui/images/custom-content/1695798892942.png&quot;,&quot;gameZopVerbiage&quot;:&quot;Enjoy Ad-Free gaming with all the plans!&quot;},&quot;highlightedPack&quot;:false,&quot;cancelled&quot;:false,&quot;isCombo&quot;:false,&quot;downgrade&quot;:false,&quot;dummyUser&quot;:false,&quot;fdoOrderRaised&quot;:false,&quot;fSRequestRaised&quot;:false,&quot;largeScreenEligibility&quot;:false,&quot;migrated&quot;:false,&quot;mobileUpgradable&quot;:false,&quot;modifyLink&quot;:false,&quot;netflixCombo&quot;:false,&quot;nonSubscribedPartnerList&quot;:[{&quot;iconUrl&quot;:&quot;https://uat.tstatic.videoready.tv/cms-ui/images/custom-content/1707461876684.png&quot;,&quot;included&quot;:false,&quot;partnerId&quot;:&quot;11&quot;,&quot;partnerName&quot;:&quot;DiscoveryPlus&quot;,&quot;premiumPartner&quot;:false,&quot;starterPackHighlightApp&quot;:false},{&quot;iconUrl&quot;:&quot;https://tstatic.videoready.tv/cms-ui/images/custom-content/1695755041317.png&quot;,&quot;included&quot;:false,&quot;partnerId&quot;:&quot;15&quot;,&quot;partnerName&quot;:&quot;epicOn&quot;,&quot;premiumPartner&quot;:false,&quot;starterPackHighlightApp&quot;:false},{&quot;iconUrl&quot;:&quot;https://tstatic.videoready.tv/cms-ui/images/custom-content/1695755041650.png&quot;,&quot;included&quot;:false,&quot;partnerId&quot;:&quot;18&quot;,&quot;partnerName&quot;:&quot;NammaFlix&quot;,&quot;premiumPartner&quot;:false,&quot;starterPackHighlightApp&quot;:false},{&quot;iconUrl&quot;:&quot;https://tstatic.videoready.tv/cms-ui/images/custom-content/1695755041824.png&quot;,&quot;included&quot;:false,&quot;partnerId&quot;:&quot;19&quot;,&quot;partnerName&quot;:&quot;chaupal&quot;,&quot;premiumPartner&quot;:false,&quot;starterPackHighlightApp&quot;:false},{&quot;iconUrl&quot;:&quot;https://uat.tstatic.videoready.tv/cms-ui/images/custom-content/1709697937443.png&quot;,&quot;included&quot;:false,&quot;partnerId&quot;:&quot;2&quot;,&quot;partnerName&quot;:&quot;Prime&quot;,&quot;premiumPartner&quot;:false,&quot;starterPackHighlightApp&quot;:false},{&quot;iconUrl&quot;:&quot;https://tstatic.videoready.tv/cms-ui/images/custom-content/1695755042352.png&quot;,&quot;included&quot;:false,&quot;partnerId&quot;:&quot;23&quot;,&quot;partnerName&quot;:&quot;Lionsgate&quot;,&quot;premiumPartner&quot;:false,&quot;starterPackHighlightApp&quot;:false},{&quot;iconUrl&quot;:&quot;https://tstatic.videoready.tv/cms-ui/images/custom-content/1695755043027.png&quot;,&quot;included&quot;:false,&quot;partnerId&quot;:&quot;25&quot;,&quot;partnerName&quot;:&quot;istream&quot;,&quot;premiumPartner&quot;:false,&quot;starterPackHighlightApp&quot;:false},{&quot;iconUrl&quot;:&quot;https://tstatic.videoready.tv/cms-ui/images/custom-content/1695755043439.png&quot;,&quot;included&quot;:false,&quot;partnerId&quot;:&quot;27&quot;,&quot;partnerName&quot;:&quot;ManoramaMAX&quot;,&quot;premiumPartner&quot;:false,&quot;starterPackHighlightApp&quot;:false},{&quot;iconUrl&quot;:&quot;https://tstatic.videoready.tv/cms-ui/images/custom-content/1695755043644.png&quot;,&quot;included&quot;:false,&quot;partnerId&quot;:&quot;28&quot;,&quot;partnerName&quot;:&quot;TarangPlus&quot;,&quot;premiumPartner&quot;:false,&quot;starterPackHighlightApp&quot;:false},{&quot;iconUrl&quot;:&quot;https://tstatic.videoready.tv/cms-ui/images/custom-content/1695755043980.png&quot;,&quot;included&quot;:false,&quot;partnerId&quot;:&quot;30&quot;,&quot;partnerName&quot;:&quot;Aha&quot;,&quot;premiumPartner&quot;:false,&quot;starterPackHighlightApp&quot;:false},{&quot;iconUrl&quot;:&quot;https://tstatic.videoready.tv/cms-ui/images/custom-content/1765259833517.png&quot;,&quot;included&quot;:false,&quot;partnerId&quot;:&quot;31&quot;,&quot;partnerName&quot;:&quot;AppleTV&quot;,&quot;premiumPartner&quot;:false,&quot;starterPackHighlightApp&quot;:false},{&quot;iconUrl&quot;:&quot;https://tstatic.videoready.tv/cms-ui/images/custom-content/1695755044612.png&quot;,&quot;included&quot;:false,&quot;partnerId&quot;:&quot;32&quot;,&quot;partnerName&quot;:&quot;JioCinema&quot;,&quot;premiumPartner&quot;:false,&quot;starterPackHighlightApp&quot;:false},{&quot;iconUrl&quot;:&quot;https://uat.tstatic.videoready.tv/cms-ui/images/custom-content/1694679016906.png&quot;,&quot;included&quot;:false,&quot;partnerId&quot;:&quot;36&quot;,&quot;partnerName&quot;:&quot;KLiKK&quot;,&quot;premiumPartner&quot;:false,&quot;starterPackHighlightApp&quot;:false},{&quot;iconUrl&quot;:&quot;https://tstatic.videoready.tv/cms-ui/images/custom-content/1695755045564.png&quot;,&quot;included&quot;:false,&quot;partnerId&quot;:&quot;4&quot;,&quot;partnerName&quot;:&quot;erosnow&quot;,&quot;premiumPartner&quot;:false,&quot;starterPackHighlightApp&quot;:false},{&quot;iconUrl&quot;:&quot;https://tstatic.videoready.tv/cms-ui/images/custom-content/1701323110184.png&quot;,&quot;included&quot;:false,&quot;partnerId&quot;:&quot;41&quot;,&quot;partnerName&quot;:&quot;Stage&quot;,&quot;premiumPartner&quot;:false,&quot;starterPackHighlightApp&quot;:false},{&quot;iconUrl&quot;:&quot;https://tstatic.videoready.tv/cms-ui/images/custom-content/1705907546820.jpg&quot;,&quot;included&quot;:false,&quot;partnerId&quot;:&quot;42&quot;,&quot;partnerName&quot;:&quot;PTCPlay&quot;,&quot;premiumPartner&quot;:false,&quot;starterPackHighlightApp&quot;:false},{&quot;iconUrl&quot;:&quot;https://tstatic.videoready.tv/cms-ui/images/custom-content/1745477048460.png&quot;,&quot;included&quot;:false,&quot;partnerId&quot;:&quot;46&quot;,&quot;partnerName&quot;:&quot;BBCPlayer&quot;,&quot;premiumPartner&quot;:false,&quot;starterPackHighlightApp&quot;:false},{&quot;iconUrl&quot;:&quot;https://tstatic.videoready.tv/cms-ui/images/custom-content/1751367608977.png&quot;,&quot;included&quot;:false,&quot;partnerId&quot;:&quot;47&quot;,&quot;partnerName&quot;:&quot;Waves&quot;,&quot;premiumPartner&quot;:false,&quot;starterPackHighlightApp&quot;:false},{&quot;iconUrl&quot;:&quot;https://tstatic.videoready.tv/cms-ui/images/custom-content/1762848732423.png&quot;,&quot;included&quot;:false,&quot;partnerId&quot;:&quot;48&quot;,&quot;partnerName&quot;:&quot;TimesPlay&quot;,&quot;premiumPartner&quot;:false,&quot;starterPackHighlightApp&quot;:false},{&quot;iconUrl&quot;:&quot;https://tstatic.videoready.tv/cms-ui/images/custom-content/1765289631619.png&quot;,&quot;included&quot;:false,&quot;partnerId&quot;:&quot;49&quot;,&quot;partnerName&quot;:&quot;UltraPlay&quot;,&quot;premiumPartner&quot;:false,&quot;starterPackHighlightApp&quot;:false},{&quot;iconUrl&quot;:&quot;https://tstatic.videoready.tv/cms-ui/images/custom-content/1695755045764.png&quot;,&quot;included&quot;:false,&quot;partnerId&quot;:&quot;5&quot;,&quot;partnerName&quot;:&quot;sunnxt&quot;,&quot;premiumPartner&quot;:true,&quot;starterPackHighlightApp&quot;:false},{&quot;iconUrl&quot;:&quot;https://tstatic.videoready.tv/cms-ui/images/custom-content/1765289357918.png&quot;,&quot;included&quot;:false,&quot;partnerId&quot;:&quot;50&quot;,&quot;partnerName&quot;:&quot;UltraJhakaas&quot;,&quot;premiumPartner&quot;:false,&quot;starterPackHighlightApp&quot;:false},{&quot;iconUrl&quot;:&quot;https://tstatic.videoready.tv/cms-ui/images/custom-content/1695755045973.png&quot;,&quot;included&quot;:false,&quot;partnerId&quot;:&quot;6&quot;,&quot;partnerName&quot;:&quot;hungama&quot;,&quot;premiumPartner&quot;:false,&quot;starterPackHighlightApp&quot;:false},{&quot;iconUrl&quot;:&quot;https://tstatic.videoready.tv/cms-ui/images/custom-content/1695755046354.png&quot;,&quot;included&quot;:false,&quot;partnerId&quot;:&quot;8&quot;,&quot;partnerName&quot;:&quot;shemaroome&quot;,&quot;premiumPartner&quot;:false,&quot;starterPackHighlightApp&quot;:false},{&quot;iconUrl&quot;:&quot;https://tstatic.videoready.tv/cms-ui/images/custom-content/1695798982861.png&quot;,&quot;partnerId&quot;:&quot;2&quot;,&quot;partnerName&quot;:&quot;Prime&quot;,&quot;starterPackHighlightApp&quot;:false}],&quot;ocsFlag&quot;:&quot;N&quot;,&quot;packCreatedDate&quot;:&quot;&quot;,&quot;packCreationDate&quot;:&quot;2025-12-14 17:47:17&quot;,&quot;packDuration&quot;:&quot;30D&quot;,&quot;packValidity&quot;:&quot;Renewal on  13/01/2026&quot;,&quot;partnerUniqueIdInfo&quot;:{&quot;HOTSTAR&quot;:{&quot;enabled&quot;:false,&quot;idSiteValue&quot;:&quot;17&quot;,&quot;partnerUniqueId&quot;:&quot;7070759873-1010173618_Tatasky.IN.Super.Monthly_14122025174825&quot;},&quot;ZEE5&quot;:{&quot;enabled&quot;:false,&quot;idSiteValue&quot;:&quot;17&quot;,&quot;partnerUniqueId&quot;:&quot;7070759873-1010173618&quot;}},&quot;paymentMethod&quot;:&quot;COLLECT&quot;,&quot;paymentMode&quot;:&quot;OPEL_RECURRING&quot;,&quot;planOption&quot;:{&quot;cancellationOption&quot;:{&quot;bingeCancelExpiryVerbiage&quot;:&quot;Plan cancellation will be effective from 12/01/2026&quot;,&quot;bingeCancelFooterMessage&quot;:&quot;If you cancel your plan, you will loose all the content viewing benefits from different apps.&quot;,&quot;bingeCancelHeaderMessage&quot;:&quot;We\u0027re sad to see you go!&quot;,&quot;cancelButtonOption&quot;:true,&quot;cancelButtonMessage&quot;:&quot;Cancel Plan&quot;},&quot;changePlanOption&quot;:true,&quot;changePlanMessage&quot;:&quot;Change Plan&quot;,&quot;changeTenureOption&quot;:false,&quot;changeTenureMessage&quot;:&quot;Change Plan Term&quot;,&quot;getPlanOption&quot;:false,&quot;renewButtonOption&quot;:false,&quot;revokeButtonOption&quot;:false,&quot;revokeTextHighlighted&quot;:false},&quot;primeAutoSelect&quot;:false,&quot;productId&quot;:&quot;BINGEMON106&quot;,&quot;productName&quot;:&quot;Flexi Mini&quot;,&quot;promoCode&quot;:&quot;&quot;,&quot;rmn&quot;:&quot;&quot;,&quot;rupeesSymbol&quot;:&quot;&quot;,&quot;setupNudgeDetails&quot;:{&quot;setupNudgeOption&quot;:false},&quot;status&quot;:&quot;Active&quot;,&quot;bingeProduct&quot;:&quot;&quot;,&quot;subscriptionNudgesDetails&quot;:{&quot;renewNudgeButton&quot;:&quot;Proceed&quot;,&quot;renewNudgeMessage&quot;:&quot;Complete subscription and enjoy OTT action!&quot;,&quot;renewNudgeTitle&quot;:&quot;Your Apps are waiting!&quot;,&quot;nudgeToShowOnWhichDayAfterExpiry&quot;:0,&quot;nudgeToShowOnWhichDayBeforeExpiry&quot;:0},&quot;subscriptionStatus&quot;:&quot;ACTIVE&quot;,&quot;subscriptionType&quot;:&quot;FREEMIUM&quot;,&quot;tenure&quot;:[{&quot;currentTenure&quot;:true,&quot;discountedPercentage&quot;:&quot;&quot;,&quot;enable&quot;:false,&quot;lastActiveTenure&quot;:false,&quot;mrp&quot;:&quot;\u0026#8377;149&quot;,&quot;offeredPrice&quot;:&quot;\u0026#8377;149&quot;,&quot;offeredPriceValue&quot;:&quot;149.00&quot;,&quot;tenureDuration&quot;:&quot;1 month&quot;,&quot;tenureDurationDays&quot;:&quot;30D&quot;,&quot;tenureId&quot;:&quot;BINGEMON106&quot;,&quot;tenureImage&quot;:&quot;https://tstatic.videoready.tv/cms-ui/images/custom-content/1695798892140.png&quot;,&quot;tenureType&quot;:&quot;1 month&quot;},{&quot;currentTenure&quot;:false,&quot;discountedPercentage&quot;:&quot;&quot;,&quot;enable&quot;:true,&quot;lastActiveTenure&quot;:false,&quot;mrp&quot;:&quot;\u0026#8377;399&quot;,&quot;offeredPrice&quot;:&quot;\u0026#8377;399&quot;,&quot;offeredPriceValue&quot;:&quot;399.00&quot;,&quot;tenureDuration&quot;:&quot;3 Months&quot;,&quot;tenureDurationDays&quot;:&quot;90D&quot;,&quot;tenureId&quot;:&quot;BINGEQTR109&quot;,&quot;tenureImage&quot;:&quot;https://tstatic.videoready.tv/cms-ui/images/custom-content/1695798892203.png&quot;,&quot;tenureType&quot;:&quot;3 Months&quot;},{&quot;currentTenure&quot;:false,&quot;discountedPercentage&quot;:&quot;&quot;,&quot;enable&quot;:true,&quot;lastActiveTenure&quot;:false,&quot;mrp&quot;:&quot;\u0026#8377;799&quot;,&quot;offeredPrice&quot;:&quot;\u0026#8377;799&quot;,&quot;offeredPriceValue&quot;:&quot;799.00&quot;,&quot;tenureDuration&quot;:&quot;6 Months&quot;,&quot;tenureDurationDays&quot;:&quot;180D&quot;,&quot;tenureId&quot;:&quot;BINGEHYR117&quot;,&quot;tenureImage&quot;:&quot;https://tstatic.videoready.tv/cms-ui/images/custom-content/1733561722197.png&quot;,&quot;tenureType&quot;:&quot;6 Months&quot;},{&quot;currentTenure&quot;:false,&quot;discountedPercentage&quot;:&quot;&quot;,&quot;enable&quot;:true,&quot;lastActiveTenure&quot;:false,&quot;mrp&quot;:&quot;\u0026#8377;1499&quot;,&quot;offeredPrice&quot;:&quot;\u0026#8377;1499&quot;,&quot;offeredPriceValue&quot;:&quot;1499.00&quot;,&quot;tenureDuration&quot;:&quot;12 Months&quot;,&quot;tenureDurationDays&quot;:&quot;360D&quot;,&quot;tenureId&quot;:&quot;BINGEANN110&quot;,&quot;tenureImage&quot;:&quot;https://tstatic.videoready.tv/cms-ui/images/custom-content/1695798892272.png&quot;,&quot;tenureType&quot;:&quot;12 Months&quot;}],&quot;transactionID&quot;:&quot;OA251214174719480&quot;,&quot;firstPaidPack&quot;:false}</string>
    <string name="PREF_GUEST_PREFERRED_LANGUAGES">[{&quot;id&quot;:7,&quot;name&quot;:&quot;English&quot;},{&quot;id&quot;:13,&quot;name&quot;:&quot;Hindi&quot;}]</string>
    <boolean name="IS_FIRST_TIME_LANGUAGE_POP_UP" value="false" />
    <string name="PREF_REF_PANEL_ID">59b46592c2ff4642aa5b9f24d1031b38</string>
    <string name="PREF_SUBSCRIPTION_TYPE">FREEMIUM</string>
    <set name="PREF_LANGAUAGES">
        <string>English</string>
        <string>Hindi</string>
    </set>
    <string name="SID">1010173618</string>
    <string name="PREF_KEY_DTH_STATUS_FREEMIUM">Non DTH User</string>
    <boolean name="PREF_KEY_MX_UPSELL_CLOSED" value="false" />
    <string name="PREF_RMN">9315441351</string>
    <boolean name="PREF_KEY_IS_MOE_USER_TRACKED" value="true" />
    <int name="PREF_KEY_APP_LAUNCH_COUNT_LOGGED_IN" value="0" />
    <int name="PREF_KEY_FIRESTICK_DIALOG_LAST_LAUNCH_VALUE" value="0" />
    <boolean name="PREF_KEY_MANGED_APP_ENABLED" value="true" />
    <boolean name="PREF_KEY_START_LAUNCH_COUNT" value="false" />
    <boolean name="PREF_KEY_FIRESTICK_DIALOG_SHOWN_STATUS" value="true" />
    <string name="PREF_MIX_PANEL_ID">BINGE-4745574d4d5945eeabbf65b15edeb4d2</string>
    <string name="PREF_FETCHED_PROFILE_DATA">{&quot;data&quot;:{&quot;aliasName&quot;:&quot;Ayush\u0027s Mobile&quot;,&quot;balance&quot;:&quot;&quot;,&quot;deviceType&quot;:&quot;&quot;,&quot;email&quot;:&quot;realcstarsyt@gmail.com&quot;,&quot;expireDate&quot;:&quot;09/07/20&quot;,&quot;firstName&quot;:&quot;Ayush&quot;,&quot;baId&quot;:&quot;1010173618&quot;,&quot;profileImage&quot;:&quot;&quot;,&quot;autoPlayTrailer&quot;:false,&quot;transactionalNotification&quot;:true,&quot;watchNotification&quot;:true,&quot;languageList&quot;:[{&quot;id&quot;:&quot;7&quot;,&quot;name&quot;:&quot;English&quot;},{&quot;id&quot;:&quot;13&quot;,&quot;name&quot;:&quot;Hindi&quot;}],&quot;lastName&quot;:&quot;bhai&quot;,&quot;planName&quot;:&quot;Standard 299&quot;,&quot;profileId&quot;:&quot;VR_8b8fa41f0799455b960101b82dd0b4f6&quot;,&quot;rechargeDueOn&quot;:&quot;&quot;,&quot;rmn&quot;:&quot;9315441351&quot;},&quot;code&quot;:0,&quot;message&quot;:&quot;Subscriber profile fetched successfully.&quot;,&quot;status&quot;:0}</string>
    <string name="PREF_BINGE_SID">2075967992</string>
    <boolean name="PREFS_TRANSACTIONAL_NOTIFICATION" value="true" />
    <long name="PREF_KEY_SUBSCROPTION_DRAWER_LAST_SEEN" value="1766748646183" />
    <string name="PREF_FETCHED_BALANCE_DATA">{&quot;code&quot;:0,&quot;message&quot;:&quot;Response fetched successfully.&quot;,&quot;status&quot;:0}</string>
    <string name="DEVICE_TOKEN">wa0ZNRjyz33u6AVhUIbHuHL6Xz3MhAFD</string>
    <boolean name="PREF_CONTENT_PLAYBACK_ALLOWED" value="true" />
    <string name="PREF_KEY_CLEAR_RMN">9315441351</string>
    <boolean name="PARENTAL_PIN_EXISTS_VALUE" value="false" />
    <string name="PREF_ANONYMOUS_ID">f6923132-f781-4dce-a165-92766bfb5acc</string>
    <string name="PREF_KEY_DTH_ACCOUNT_STATUS">Active</string>
    <long name="PREF_KEY_FIRESTICK_DIALOG_LAST_VISIBLE_TIME" value="0" />
    <string name="ORIGINAL_SID">9315441351</string>
    <string name="PREF_KEY_SELECTED_PROFILE">{&quot;aliasName&quot;:&quot;Ayush\u0027s Mobile&quot;,&quot;bingeSubscriberId&quot;:&quot;&quot;,&quot;dthStatus&quot;:&quot;DTH With Binge Old Stack&quot;,&quot;emailId&quot;:&quot;realcstarsyt@gmail.com&quot;,&quot;firstName&quot;:&quot;Ayush&quot;,&quot;firstTimeLogin&quot;:true,&quot;freeTrialAvailed&quot;:true,&quot;fsTaken&quot;:false,&quot;imageUrl&quot;:&quot;&quot;,&quot;lastName&quot;:&quot;bhai&quot;,&quot;loginFreeTrialAvailed&quot;:true,&quot;migrated&quot;:false,&quot;bingeAccountCount&quot;:1,&quot;deviceLoginCount&quot;:1,&quot;parentalPinExist&quot;:true,&quot;rmn&quot;:&quot;9315441351&quot;,&quot;sufficientBalance&quot;:true}</string>
    <boolean name="PREF_KEY_SONY_LOGIN_AGAIN" value="true" />
    <boolean name="PREF_KEY_LOGIN_TYPE_PASSWORD" value="false" />
    <set name="PREF_PARTNER_SET">
        <string>33</string>
        <string>44</string>
        <string>34</string>
        <string>45</string>
        <string>35</string>
        <string>13</string>
        <string>37</string>
        <string>26</string>
        <string>16</string>
        <string>29</string>
        <string>1</string>
        <string>7</string>
        <string>40</string>
        <string>43</string>
    </set>
    <boolean name="PREF_KEY_DEVICE_CANCELLATION_FLAG" value="false" />
    <int name="PREF_KEY_GENERIC_APP_LAUNCH_COUNT_FOR_LOGGED_IN_USER" value="1" />
    <boolean name="UPDATE_IN_PACK" value="true" />
    <long name="PREF_KEY_LOGIN_TIMESTAMP" value="1766748669780" />
    <string name="PREF_KEY_PRIME_PACK">{&quot;packStatus&quot;:false,&quot;cancelled&quot;:false}</string>
    <string name="PREF_GUEST_PROFILE_ID">f6923132-f781-4dce-a165-92766bfb5acc</string>
</map>
