<?xml version='1.0' encoding='utf-8' standalone='yes' ?>
<map>
    <string name="prev_event_name">HOME</string>
    <long name="prev_event_timestamp" value="1766748735625" />
    <int name="appsFlyerInAppEventCount" value="9" />
    <string name="prev_event_value">{&quot;af_currency&quot;:&quot;INR&quot;,&quot;DEVICE-ID&quot;:&quot;5772cdceddb9070c&quot;,&quot;ComvivaID&quot;:&quot;2075967992&quot;}</string>
    <string name="afUninstallToken">dq88KNMoT3eRcl-QF5nWHv:APA91bHoti9Qyhlrjxqze5hZU8ypGLjk6m5rt2SToALtOhDsFBV6TB0jHIeR0Ziol1ihjlCnqP99DZNBGir102kgk0e-_dgbZ8JuNJIRWSbTb4QMKHCSFyo</string>
    <long name="prev_session_dur" value="4" />
    <boolean name="ddl_sent" value="true" />
    <string name="ddl">{&quot;from_fg&quot;:576,&quot;net&quot;:[501],&quot;rfr_wait&quot;:2,&quot;status&quot;:&quot;NOT_FOUND&quot;,&quot;timeout_value&quot;:3000}</string>
    <int name="versionCode" value="34" />
    <long name="init_ts" value="1766748642476" />
    <string name="savedProperties">{&quot;uid&quot;:&quot;1766748642482-3567459250688030970&quot;,&quot;waitForCustomerId&quot;:&quot;false&quot;,&quot;AppUserId&quot;:&quot;BINGE-4745574d4d5945eeabbf65b15edeb4d2&quot;,&quot;AppsFlyerKey&quot;:&quot;3TcAjEHEaS4MjapFRiRpCJ&quot;,&quot;advertiserId&quot;:&quot;b23188a2-001a-4eed-832a-c3e5f43e752e&quot;,&quot;advertiserIdEnabled&quot;:&quot;true&quot;}</string>
    <long name="fg_ts" value="1766748643226" />
    <string name="AF_INSTALLATION">1766748642482-3567459250688030970</string>
    <boolean name="afUninstallToken_queued" value="true" />
    <int name="appsFlyerCount" value="3" />
    <long name="AppsFlyerTimePassedSincePrevLaunch" value="1766748735472" />
    <boolean name="newGPReferrerSent" value="true" />
    <string name="first_launch">{}</string>
    <string name="appsFlyerFirstInstall">2025-12-26_113043+0000</string>
    <long name="afUninstallToken_received_time" value="1766748646204" />
</map>
