<?xml version='1.0' encoding='utf-8' standalone='yes' ?>
<map>
    <string name="SP_KEY_PROFILE_IDENTITIES:5R4-556-Z56Z">Email,Identity</string>
    <int name="istc_inapp:__gb23188a2001a4eed832ac3e5f43e752e:5R4-556-Z56Z" value="0" />
    <int name="comms_last_ts:5R4-556-Z56Z" value="1766748738" />
    <string name="ict_date:__gb23188a2001a4eed832ac3e5f43e752e:5R4-556-Z56Z">26122025</string>
    <int name="pfjobid" value="-871557876" />
    <string name="deviceId:5R4-556-Z56Z">__gb23188a2001a4eed832ac3e5f43e752e</string>
    <int name="sexe:5R4-556-Z56Z" value="1766748739" />
    <string name="cachedGUIDsKey:5R4-556-Z56Z">{&quot;Email_&quot;:&quot;__gb23188a2001a4eed832ac3e5f43e752e&quot;,&quot;EMAIL_&quot;:&quot;__gb23188a2001a4eed832ac3e5f43e752e&quot;,&quot;Identity_9315441351&quot;:&quot;__gb23188a2001a4eed832ac3e5f43e752e&quot;,&quot;Email_realcstarsyt@gmail.com&quot;:&quot;__gb23188a2001a4eed832ac3e5f43e752e&quot;}</string>
    <int name="comms_first_ts:5R4-556-Z56Z" value="1766748644" />
    <boolean name="NetworkInfo:5R4-556-Z56Z" value="true" />
    <string name="fcm_token:5R4-556-Z56Z">dq88KNMoT3eRcl-QF5nWHv:APA91bHoti9Qyhlrjxqze5hZU8ypGLjk6m5rt2SToALtOhDsFBV6TB0jHIeR0Ziol1ihjlCnqP99DZNBGir102kgk0e-_dgbZ8JuNJIRWSbTb4QMKHCSFyo</string>
    <string name="instance:5R4-556-Z56Z">{&quot;accountId&quot;:&quot;5R4-556-Z56Z&quot;,&quot;accountToken&quot;:&quot;655-425&quot;,&quot;accountRegion&quot;:&quot;in1&quot;,&quot;analyticsOnly&quot;:false,&quot;isDefaultInstance&quot;:true,&quot;useGoogleAdId&quot;:true,&quot;disableAppLaunchedEvent&quot;:false,&quot;personalization&quot;:true,&quot;debugLevel&quot;:0,&quot;createdPostAppLaunch&quot;:false,&quot;sslPinning&quot;:false,&quot;backgroundSync&quot;:true,&quot;getEnableCustomCleverTapId&quot;:false,&quot;beta&quot;:false,&quot;allowedPushTypes&quot;:[&quot;FCM&quot;,&quot;XPS&quot;,&quot;HPS&quot;,&quot;BPS&quot;,&quot;ADM&quot;]}</string>
    <int name="lastSessionId:5R4-556-Z56Z" value="1766748734" />
</map>
