<?xml version='1.0' encoding='utf-8' standalone='yes' ?>
<map>
    <string name="MENU-BOTTOM:5R4-556-Z56Z">6|1766748643|1766748735</string>
    <string name="LOGIN-OTP-ENTER:5R4-556-Z56Z">1|1766748666|1766748666</string>
    <string name="LOGIN-OTP-INVOKE:5R4-556-Z56Z">1|1766748651|1766748651</string>
    <string name="LOGIN-ENTER:5R4-556-Z56Z">1|1766748648|1766748648</string>
    <string name="App Launched:5R4-556-Z56Z">2|1766748643|1766748734</string>
    <string name="LOGIN-SUCCESS:5R4-556-Z56Z">1|1766748669|1766748669</string>
</map>
