{"Fid":"d9KsI4muT8mL4HuZt6uSbv","Status":3,"AuthToken":"eyJhbGciOiJFUzI1NiIsInR5cCI6IkpXVCJ9.eyJhcHBJZCI6IjE6Mjk2NTU3NDMwMjc6YW5kcm9pZDplMzYwMTE2YTU0MGRkNjNjYWM0MTQ2IiwiZXhwIjoxNzY3MzIyNTE2LCJmaWQiOiJkOUtzSTRtdVQ4bUw0SHVadDZ1U2J2IiwicHJvamVjdE51bWJlciI6Mjk2NTU3NDMwMjd9.AB2LPV8wRgIhAMUcsawSv4r_T-RsWuRTBZ7y5EIoyChIIhZaPbmqru43AiEAme4RNoJXU_oX1tPWvlp76pYLkwCupPoiqUz_V2HIFcs","RefreshToken":"3_AS3qfwInLMHNl8F31WWP4BK_w74A1UsXBnDgZvNPGc3TSe34MZxzxubPbujb7S3eArwi46ln5jEtNjejI3rUTO3f6VB6Kj_rGNuihcyD8mXvNQ","TokenCreationEpochInSecs":1766717716,"ExpiresInSecs":604800}