<?xml version='1.0' encoding='utf-8' standalone='yes' ?>
<map>
    <string name="prev_event_name">HOME</string>
    <long name="prev_event_timestamp" value="1766726038103" />
    <int name="appsFlyerInAppEventCount" value="12" />
    <string name="prev_event_value">{&quot;af_currency&quot;:&quot;INR&quot;,&quot;DEVICE-ID&quot;:&quot;a4ca974a2514dfb0&quot;,&quot;ComvivaID&quot;:&quot;2075967992&quot;}</string>
    <string name="afUninstallToken">d_qW2wU8R-GT3lTAVKn__o:APA91bGSi7GulLTzXOndNFJtDFO5-NrriBr9P48Msbs2YJANx23NTbmGYE0TqInvCRgEI0TNGkxGcvVg3F8V4hugktA3Xz6-FVrkL8YR-GSe-Q7ROohN5nI</string>
    <long name="prev_session_dur" value="1" />
    <boolean name="ddl_sent" value="true" />
    <string name="ddl">{&quot;from_fg&quot;:186,&quot;net&quot;:[366],&quot;rfr_wait&quot;:0,&quot;status&quot;:&quot;NOT_FOUND&quot;,&quot;timeout_value&quot;:3000}</string>
    <int name="versionCode" value="34" />
    <long name="init_ts" value="1766725901705" />
    <string name="savedProperties">{&quot;uid&quot;:&quot;1766725901712-2598347006190869274&quot;,&quot;waitForCustomerId&quot;:&quot;false&quot;,&quot;AppUserId&quot;:&quot;BINGE-4745574d4d5945eeabbf65b15edeb4d2&quot;,&quot;AppsFlyerKey&quot;:&quot;3TcAjEHEaS4MjapFRiRpCJ&quot;,&quot;advertiserId&quot;:&quot;b23188a2-001a-4eed-832a-c3e5f43e752e&quot;,&quot;advertiserIdEnabled&quot;:&quot;true&quot;}</string>
    <long name="fg_ts" value="1766725902245" />
    <string name="AF_INSTALLATION">1766725901712-2598347006190869274</string>
    <boolean name="afUninstallToken_queued" value="true" />
    <int name="appsFlyerCount" value="5" />
    <long name="AppsFlyerTimePassedSincePrevLaunch" value="1766726059552" />
    <boolean name="newGPReferrerSent" value="true" />
    <string name="first_launch">{}</string>
    <string name="appsFlyerFirstInstall">2025-12-26_051142+0000</string>
    <long name="afUninstallToken_received_time" value="1766726341499" />
</map>
