<?xml version='1.0' encoding='utf-8' standalone='yes' ?>
<map>
    <boolean name="deep_link_retrieval_complete" value="true" />
    <long name="last_upload" value="1766725902090" />
    <long name="first_open_time" value="1766725901561" />
    <string name="gmp_app_id">1:29655743027:android:e360116a540dd63cac4146</string>
    <string name="app_instance_id">c4adc5bb8dac4b7b85a3aa11612ba28d</string>
    <long name="deep_link_retrieval_attempts" value="1" />
    <boolean name="app_backgrounded" value="true" />
    <long name="health_monitor:start" value="1766725902094" />
    <boolean name="use_service" value="true" />
    <boolean name="deferred_analytics_collection" value="false" />
    <string name="previous_os_version">15</string>
    <boolean name="has_been_opened" value="true" />
    <boolean name="allow_remote_dynamite" value="false" />
    <long name="last_pause_time" value="1766726060231" />
    <boolean name="start_new_session" value="false" />
</map>
