<?xml version='1.0' encoding='utf-8' standalone='yes' ?>
<map>
    <int name="appVersion" value="175" />
    <string name="user_session">{&quot;session_id&quot;:&quot;ba16ebf3-fcde-4696-8b0c-1c0a621dd90c&quot;,&quot;start_time&quot;:&quot;2025-12-26T05:11:41.692Z&quot;,&quot;last_interaction_time&quot;:1766725901692}</string>
    <boolean name="has_registered_for_verification" value="false" />
    <long name="inapp_html_assets_delete_time" value="1766725902" />
    <string name="registration_id">d_qW2wU8R-GT3lTAVKn__o:APA91bGWgPwSQTRMqPbBMAXYGkZZNv_x8J9tj_bK4WfGS4em1Fi3gl7d1HK9v4QVEZP7PaxjHHupm2DHScUXUqGwCJPy9KvPl13tDdrFJaPhyoVSwf9TEmM</string>
    <boolean name="pref_installed" value="true" />
    <string name="APP_UUID">125d21d0-c1d2-4874-bc70-e572e95d9bad</string>
    <boolean name="is_device_registered" value="false" />
    <long name="last_config_sync_time" value="1766725902682" />
</map>
