<?xml version='1.0' encoding='utf-8' standalone='yes' ?>
<map>
    <string name="LOGIN-OTP-ENTER:5R4-556-Z56Z">1|1766726034|1766726034</string>
    <string name="LOGIN-ENTER:5R4-556-Z56Z">2|1766725990|1766726027</string>
    <string name="MENU-BOTTOM:5R4-556-Z56Z">6|1766725983|1766726038</string>
    <string name="LOGIN-OTP-INVOKE:5R4-556-Z56Z">2|1766725995|1766726031</string>
    <string name="VIEW-HERO-BANNER:5R4-556-Z56Z">3|1766725984|1766726040</string>
    <string name="App Launched:5R4-556-Z56Z">2|1766725902|1766725983</string>
    <string name="LOGIN-SUCCESS:5R4-556-Z56Z">1|1766726037|1766726037</string>
    <string name="HOME-CLICK:5R4-556-Z56Z">1|1766726025|1766726025</string>
</map>
