{
  "app_list": [
    "in.juspay.dotp",
    "in.juspay.ec",
    "in.juspay.escrow",
    "in.juspay.flyer",
    "in.juspay.godel",
    "in.juspay.godel.placeholder",
    "in.juspay.hyperapi",
    "in.juspay.hyperos",
    "in.juspay.hyperos.placeholder",
    "in.juspay.hyperpay",
    "in.juspay.upiintent"
  ],
  "dependencies": {
    "in.juspay.dotp": {
      "default": {
        "entry": "base.html",
        "root": "payments/in.juspay.dotp/"
      }
    },
    "in.juspay.ec": {
      "default": {
        "entry": "base.html",
        "required_apps": [
          "in.juspay.dotp",
          "in.juspay.escrow",
          "in.juspay.flyer",
          "in.juspay.godel.placeholder",
          "in.juspay.hyperos.placeholder",
          "in.juspay.upiintent"
        ],
        "root": "payments/in.juspay.ec/"
      }
    },
    "in.juspay.escrow": {
      "default": {
        "entry": "base.html",
        "root": "payments/in.juspay.escrow/"
      }
    },
    "in.juspay.flyer": {
      "default": {
        "entry": "base.html",
        "root": "payments/in.juspay.flyer/"
      }
    },
    "in.juspay.godel": {
      "default": {
        "entry": "base.html",
        "root": "payments/in.juspay.godel/"
      }
    },
    "in.juspay.godel.placeholder": {
      "default": {
        "entry": "",
        "root": "payments/in.juspay.godel/"
      }
    },
    "in.juspay.hyperapi": {
      "default": {
        "entry": "base.html",
        "required_apps": [
          "in.juspay.ec"
        ],
        "root": "payments/in.juspay.hyperapi/"
      }
    },
    "in.juspay.hyperos": {
      "default": {
        "entry": "",
        "root": ""
      }
    },
    "in.juspay.hyperos.placeholder": {
      "default": {
        "entry": "",
        "root": ""
      }
    },
    "in.juspay.hyperpay": {
      "default": {
        "entry": "base.html",
        "required_apps": [
          "in.juspay.ec"
        ],
        "root": "payments/in.juspay.hyperpay/"
      }
    },
    "in.juspay.upiintent": {
      "default": {
        "entry": "base.html",
        "root": "payments/in.juspay.upiintent/"
      }
    }
  },
  "live": {
    "assets": {
      "in.juspay.dotp": {
        "config": "https://assets.juspay.in/juspay/payments/in.juspay.dotp/release/v1-config.zip"
      },
      "in.juspay.ec": {
        "config": "https://assets.juspay.in/juspay/payments/in.juspay.ec/release/v1-config.zip"
      },
      "in.juspay.escrow": {
        "configuration": "https://assets.juspay.in/hyper/configs/tatabinge/in.juspay.hyperpay/4.45.1/v1-configuration.zip",
        "icons": "https://assets.juspay.in/hyper/configs/tatabinge/in.juspay.hyperpay/4.45.1/v1-icons.zip",
        "strings": "https://assets.juspay.in/hyper/configs/tatabinge/in.juspay.hyperpay/4.45.1/v1-strings.zip",
        "ui_config": "https://assets.juspay.in/juspay/payments/in.juspay.hyperpay.tatabinge/release/v1-ui_config.zip"
      },
      "in.juspay.godel": {
        "acs_js_source": "https://assets.juspay.in/hyper/bundles/acs/in.juspay.godel/1.3.1/v1-acs.zip",
        "boot_loader_js_source": "https://assets.juspay.in/hyper/bundles/release/in.juspay.godel/android/1.0rc2/common/1.0.1/v1-boot_loader.zip",
        "config": "https://assets.juspay.in/hyper/bundles/config/in.juspay.godel/1.4.5/v1-config.zip"
      },
      "in.juspay.godel.placeholder": {
        "acs_js_source": "https://assets.juspay.in/hyper/bundles/acs/in.juspay.godel/1.3.1/v1-acs.zip",
        "boot_loader_js_source": "https://assets.juspay.in/hyper/bundles/release/in.juspay.godel/android/1.0rc2/common/1.0.1/v1-boot_loader.zip",
        "config": "https://assets.juspay.in/hyper/bundles/config/in.juspay.godel/1.4.5/v1-config.zip"
      },
      "in.juspay.hyperos": {
        "config": "https://assets.juspay.in/juspay/payments/2.0/release/v1-config.zip",
        "manifest": "https://assets.juspay.in/hyper/bundles/in.juspay.merchants/tatabinge/android/release/manifest.json",
        "sdk_config": "https://assets.juspay.in/hyper/bundles/in.juspay.merchants/tatabinge/android/release/sdk_config.json",
        "unified_config": "https://assets.juspay.in/hyper/configs/in.juspay.merchants/tatabinge/android/release/unified_config.json"
      },
      "in.juspay.hyperos.placeholder": {
        "tracker": "https://assets.juspay.in/hyper/bundles/app/tracker/2.2.9/v1-tracker.zip"
      },
      "in.juspay.hyperpay": {
        "configuration": "https://assets.juspay.in/hyper/configs/tatabinge/in.juspay.hyperpay/4.45.1/v1-configuration.zip",
        "icons": "https://assets.juspay.in/hyper/configs/tatabinge/in.juspay.hyperpay/4.45.1/v1-icons.zip",
        "strings": "https://assets.juspay.in/hyper/configs/tatabinge/in.juspay.hyperpay/4.45.1/v1-strings.zip",
        "ui_config": "https://assets.juspay.in/juspay/payments/in.juspay.hyperpay.tatabinge/release/v1-ui_config.zip"
      },
      "in.juspay.upiintent": {
        "config": "https://assets.juspay.in/juspay/payments/in.juspay.upiintent/release/v1-config.zip"
      }
    },
    "id": "16917310753210426-patch-1.67.1-v2",
    "package": {
      "in.juspay.dotp": "https://assets.juspay.in/hyper/bundles/app/in.juspay.dotp/5.0.42/android/v1-index_bundle.zip",
      "in.juspay.ec": "https://assets.juspay.in/hyper/bundles/app/in.juspay.ec/3.18.4/android/v1-index_bundle.zip",
      "in.juspay.escrow": "https://assets.juspay.in/hyper/bundles/app/in.juspay.escrow/4.1.18/android/v1-index_bundle.zip",
      "in.juspay.flyer": "https://assets.juspay.in/hyper/bundles/app/in.juspay.flyer/2.5.2/android/v1-index_bundle.zip",
      "in.juspay.godel": "https://assets.juspay.in/hyper/bundles/app/in.juspay.godel/1.8.1/android/v1-index_bundle.zip",
      "in.juspay.godel.placeholder": "https://assets.juspay.in/hyper/bundles/app/in.juspay.godel/1.8.1/android/v1-index_bundle.zip",
      "in.juspay.hyperpay": "https://assets.juspay.in/hyper/bundles/app/in.juspay.hyperpay/4.113.25-release-20250609.17/android/v1-index_bundle.zip",
      "in.juspay.upiintent": "https://assets.juspay.in/hyper/bundles/app/in.juspay.upiintent/5.2.3/android/v1-index_bundle.zip"
    },
    "package_version": "3.62_android_rc5_tatabinge"
  },
  "meta": {
    "clientId": "tatabinge",
    "timeStamp": "Thursday 24 July, 2025 at 09:59:34 PM IST"
  },
  "new": {
    "assets": {
      "in.juspay.dotp": {
        "config": "https://assets.juspay.in/juspay/payments/in.juspay.dotp/release/v1-config.zip"
      },
      "in.juspay.ec": {
        "config": "https://assets.juspay.in/juspay/payments/in.juspay.ec/release/v1-config.zip"
      },
      "in.juspay.escrow": {
        "configuration": "https://assets.juspay.in/hyper/configs/tatabinge/in.juspay.hyperpay/4.45.1/v1-configuration.zip",
        "icons": "https://assets.juspay.in/hyper/configs/tatabinge/in.juspay.hyperpay/4.45.1/v1-icons.zip",
        "strings": "https://assets.juspay.in/hyper/configs/tatabinge/in.juspay.hyperpay/4.45.1/v1-strings.zip",
        "ui_config": "https://assets.juspay.in/juspay/payments/in.juspay.hyperpay.tatabinge/release/v1-ui_config.zip"
      },
      "in.juspay.godel": {
        "acs_js_source": "https://assets.juspay.in/hyper/bundles/acs/in.juspay.godel/1.3.1/v1-acs.zip",
        "boot_loader_js_source": "https://assets.juspay.in/hyper/bundles/release/in.juspay.godel/android/1.0rc2/common/1.0.1/v1-boot_loader.zip",
        "config": "https://assets.juspay.in/hyper/bundles/config/in.juspay.godel/1.4.5/v1-config.zip"
      },
      "in.juspay.godel.placeholder": {
        "acs_js_source": "https://assets.juspay.in/hyper/bundles/acs/in.juspay.godel/1.3.1/v1-acs.zip",
        "boot_loader_js_source": "https://assets.juspay.in/hyper/bundles/release/in.juspay.godel/android/1.0rc2/common/1.0.1/v1-boot_loader.zip",
        "config": "https://assets.juspay.in/hyper/bundles/config/in.juspay.godel/1.4.5/v1-config.zip"
      },
      "in.juspay.hyperos": {
        "config": "https://assets.juspay.in/juspay/payments/2.0/release/v1-config.zip",
        "manifest": "https://assets.juspay.in/hyper/bundles/in.juspay.merchants/tatabinge/android/release/manifest.json",
        "sdk_config": "https://assets.juspay.in/hyper/bundles/in.juspay.merchants/tatabinge/android/release/sdk_config.json",
        "unified_config": "https://assets.juspay.in/hyper/configs/in.juspay.merchants/tatabinge/android/release/unified_config.json"
      },
      "in.juspay.hyperos.placeholder": {
        "tracker": "https://assets.juspay.in/hyper/bundles/app/tracker/2.2.9/v1-tracker.zip"
      },
      "in.juspay.hyperpay": {
        "configuration": "https://assets.juspay.in/hyper/configs/tatabinge/in.juspay.hyperpay/4.45.1/v1-configuration.zip",
        "icons": "https://assets.juspay.in/hyper/configs/tatabinge/in.juspay.hyperpay/4.45.1/v1-icons.zip",
        "strings": "https://assets.juspay.in/hyper/configs/tatabinge/in.juspay.hyperpay/4.45.1/v1-strings.zip",
        "ui_config": "https://assets.juspay.in/juspay/payments/in.juspay.hyperpay.tatabinge/release/v1-ui_config.zip"
      },
      "in.juspay.upiintent": {
        "config": "https://assets.juspay.in/juspay/payments/in.juspay.upiintent/release/v1-config.zip"
      }
    },
    "id": "16917310753210426-patch-1.67.1-v2",
    "package": {
      "in.juspay.dotp": "https://assets.juspay.in/hyper/bundles/app/in.juspay.dotp/5.0.42/android/v1-index_bundle.zip",
      "in.juspay.ec": "https://assets.juspay.in/hyper/bundles/app/in.juspay.ec/3.18.4/android/v1-index_bundle.zip",
      "in.juspay.escrow": "https://assets.juspay.in/hyper/bundles/app/in.juspay.escrow/4.1.18/android/v1-index_bundle.zip",
      "in.juspay.flyer": "https://assets.juspay.in/hyper/bundles/app/in.juspay.flyer/2.5.2/android/v1-index_bundle.zip",
      "in.juspay.godel": "https://assets.juspay.in/hyper/bundles/app/in.juspay.godel/1.8.1/android/v1-index_bundle.zip",
      "in.juspay.godel.placeholder": "https://assets.juspay.in/hyper/bundles/app/in.juspay.godel/1.8.1/android/v1-index_bundle.zip",
      "in.juspay.hyperpay": "https://assets.juspay.in/hyper/bundles/app/in.juspay.hyperpay/4.113.25-release-20250609.17/android/v1-index_bundle.zip",
      "in.juspay.upiintent": "https://assets.juspay.in/hyper/bundles/app/in.juspay.upiintent/5.2.3/android/v1-index_bundle.zip"
    },
    "package_version": "3.62_android_rc5_tatabinge"
  },
  "patching": {
    "maxage": 604800
  },
  "stagger": 0,
  "variant_ids": []
}