<?xml version='1.0' encoding='utf-8' standalone='yes' ?>
<map>
    <string name="prev_event_name">HOME</string>
    <long name="prev_event_timestamp" value="1766744318744" />
    <int name="appsFlyerInAppEventCount" value="9" />
    <string name="prev_event_value">{&quot;af_currency&quot;:&quot;INR&quot;,&quot;DEVICE-ID&quot;:&quot;a4ca974a2514dfb0&quot;,&quot;ComvivaID&quot;:&quot;2038455804&quot;}</string>
    <string name="afUninstallToken">eiYGD-3pQx-hpj5hHy4hc1:APA91bE6-6cDiW7cqb9dCGYoY9HQPqBXE9abdJtJZ8NS1zz2vgFhTpurzvcce8SNXkMQxSBUkPJwNIGZIXGciaSFFQGePPA2CWi8wbLFGBgnfb4y1KPlrlo</string>
    <long name="prev_session_dur" value="6" />
    <boolean name="ddl_sent" value="true" />
    <string name="ddl">{&quot;from_fg&quot;:496,&quot;net&quot;:[524],&quot;rfr_wait&quot;:0,&quot;status&quot;:&quot;NOT_FOUND&quot;,&quot;timeout_value&quot;:3000}</string>
    <int name="versionCode" value="34" />
    <long name="init_ts" value="1766744224962" />
    <string name="savedProperties">{&quot;uid&quot;:&quot;1766744224968-6537321013044039988&quot;,&quot;waitForCustomerId&quot;:&quot;false&quot;,&quot;AppUserId&quot;:&quot;BINGE-98d80755fde9471b80ec58a75521434c&quot;,&quot;AppsFlyerKey&quot;:&quot;3TcAjEHEaS4MjapFRiRpCJ&quot;,&quot;advertiserId&quot;:&quot;b23188a2-001a-4eed-832a-c3e5f43e752e&quot;,&quot;advertiserIdEnabled&quot;:&quot;true&quot;}</string>
    <long name="fg_ts" value="1766744225681" />
    <string name="AF_INSTALLATION">1766744224968-6537321013044039988</string>
    <boolean name="afUninstallToken_queued" value="true" />
    <int name="appsFlyerCount" value="3" />
    <long name="AppsFlyerTimePassedSincePrevLaunch" value="1766744318627" />
    <boolean name="newGPReferrerSent" value="true" />
    <string name="first_launch">{}</string>
    <string name="appsFlyerFirstInstall">2025-12-26_101706+0000</string>
    <long name="afUninstallToken_received_time" value="1766744228536" />
</map>
