<?xml version='1.0' encoding='utf-8' standalone='yes' ?>
<map>
    <long name="com.rzmod.Raj.classes.cloneTimestamp" value="1766744277532" />
    <long name="com.facebook.appevents.SessionInfo.sessionStartTime" value="1766744318067" />
    <long name="com.facebook.appevents.SessionInfo.sessionEndTime" value="1766744324356" />
    <boolean name="bg_startup_tracing" value="false" />
    <int name="com.facebook.appevents.SessionInfo.interruptionCount" value="0" />
    <int name="com.rzmod.Raj.classes.originalInstallVersionCode" value="34" />
    <string name="com.facebook.appevents.SessionInfo.sessionId">92a3c7e6-e214-4d1f-85c1-e5615727184b</string>
</map>
