<?xml version='1.0' encoding='utf-8' standalone='yes' ?>
<map>
    <boolean name="had_persisted_distinct_id" value="false" />
    <string name="super_properties">{&quot;PLATFORM&quot;:&quot;Android&quot;,&quot;DEVICE-ID&quot;:&quot;a4ca974a2514dfb0&quot;,&quot;SID&quot;:[&quot;7866076215&quot;],&quot;RMN&quot;:&quot;7866076215&quot;,&quot;USER-TYPE&quot;:&quot;NON-TP&quot;,&quot;C-ID&quot;:&quot;2038455804&quot;}</string>
    <boolean name="events_user_id_present" value="true" />
    <string name="people_distinct_id">BINGE-98d80755fde9471b80ec58a75521434c</string>
    <string name="events_distinct_id">BINGE-98d80755fde9471b80ec58a75521434c</string>
    <string name="anonymous_id">acee18f4-6c6a-4c5d-a40a-5427624346bf</string>
</map>
