<?xml version='1.0' encoding='utf-8' standalone='yes' ?>
<map>
    <int name="appVersion" value="34" />
    <string name="user_session">{&quot;session_id&quot;:&quot;21f51561-7d9a-486f-ac56-6348a4cc25f1&quot;,&quot;start_time&quot;:&quot;2025-12-26T10:17:04.936Z&quot;,&quot;last_interaction_time&quot;:1766744224936}</string>
    <long name="inapp_html_assets_delete_time" value="1766744225" />
    <boolean name="has_registered_for_verification" value="false" />
    <string name="registration_id">eiYGD-3pQx-hpj5hHy4hc1:APA91bE6-6cDiW7cqb9dCGYoY9HQPqBXE9abdJtJZ8NS1zz2vgFhTpurzvcce8SNXkMQxSBUkPJwNIGZIXGciaSFFQGePPA2CWi8wbLFGBgnfb4y1KPlrlo</string>
    <boolean name="pref_installed" value="true" />
    <string name="APP_UUID">9ba766d8-2d16-49a4-bb6f-8ab2368ccb2c</string>
    <boolean name="is_device_registered" value="false" />
    <long name="last_config_sync_time" value="1766744226254" />
</map>
