<?xml version='1.0' encoding='utf-8' standalone='yes' ?>
<map>
    <string name="PREFS_PROFILE_ID">VR_12d176be638446179d7c19c92527522b</string>
    <boolean name="PREFS_WATCH_NOTIFICATION" value="true" />
    <int name="PREF_HOTSTAR_POPUP_COUNT" value="0" />
    <boolean name="PREF_KEY_FIRESTICK_TAKEN_STATUS" value="false" />
    <boolean name="PREF_KEY_IS_ELIGIBLE_FOR_FREE_TRIAL" value="false" />
    <string name="PREF_KEY_GAUTH_TOKEN">RandomValue@#123</string>
    <boolean name="FIRST_TIME_LANDING_HOME_AFTER_LAUNCH" value="false" />
    <boolean name="PREF_KEY_INTERRUPT_CATEGORIES_PAGE" value="true" />
    <long name="PREF_KEY_FIRESTICK_DIALOG_FIRST_VISIBLE_TIME" value="0" />
    <string name="ACCESS_TOKEN">M2ioCj2dEN6pTRj6rQXuvRaqOVUalxeV</string>
    <string name="PREF_KEY_DSN">a4ca974a2514dfb0</string>
    <string name="PREFS_USER_DETAILS">{&quot;baId&quot;:&quot;1006722957&quot;,&quot;bingeSubscriberId&quot;:&quot;2038455804&quot;,&quot;deviceAuthenticateToken&quot;:&quot;rAGo9Qm3mIg9zMHZKfJBbTraWrdOdoop&quot;,&quot;deviceDTOList&quot;:[{&quot;atvCancelled&quot;:false,&quot;baId&quot;:&quot;&quot;,&quot;deviceName&quot;:&quot;Vivo V2513&quot;,&quot;deviceNumber&quot;:&quot;a4ca974a2514dfb0&quot;,&quot;deviceStatus&quot;:&quot;ACTIVATION&quot;,&quot;deviceType&quot;:&quot;Android&quot;,&quot;ofsDevice&quot;:false},{&quot;atvCancelled&quot;:false,&quot;baId&quot;:&quot;&quot;,&quot;deviceName&quot;:&quot;Realme RMX3660&quot;,&quot;deviceNumber&quot;:&quot;a653f62484f958b3&quot;,&quot;deviceStatus&quot;:&quot;ACTIVATION&quot;,&quot;deviceType&quot;:&quot;Android&quot;,&quot;ofsDevice&quot;:false},{&quot;atvCancelled&quot;:false,&quot;baId&quot;:&quot;&quot;,&quot;deviceName&quot;:&quot;Web&quot;,&quot;deviceNumber&quot;:&quot;1757925909130&quot;,&quot;deviceStatus&quot;:&quot;ACTIVATION&quot;,&quot;deviceType&quot;:&quot;WEB&quot;,&quot;ofsDevice&quot;:false}],&quot;deviceSerialNumber&quot;:&quot;a4ca974a2514dfb0&quot;,&quot;dthStatus&quot;:&quot;Non DTH User&quot;,&quot;firstTimeLogin&quot;:true,&quot;firstTimeLoginDate&quot;:&quot;2023-11-28 08:59:52&quot;,&quot;freeTrialAvailed&quot;:true,&quot;fsTaken&quot;:false,&quot;helpCenterToken&quot;:&quot;599dd3b4077f41328fcfd377f329bca2&quot;,&quot;loginFreeTrialAvailed&quot;:false,&quot;migrated&quot;:false,&quot;mixpanelid&quot;:&quot;BINGE-98d80755fde9471b80ec58a75521434c&quot;,&quot;bingeAccountCount&quot;:1,&quot;deviceLoginCount&quot;:1,&quot;parentalPinExist&quot;:false,&quot;primePackDetails&quot;:{&quot;packStatus&quot;:false,&quot;cancelled&quot;:false},&quot;profileId&quot;:&quot;VR_12d176be638446179d7c19c92527522b&quot;,&quot;referenceId&quot;:&quot;3b6bdd0d497b4f93a72069053703a5ee&quot;,&quot;rmn&quot;:&quot;7866076215&quot;,&quot;subscriberId&quot;:&quot;7866076215&quot;,&quot;subscriberType&quot;:&quot;FREEMIUM&quot;,&quot;subscriptionStatus&quot;:&quot;FREEMIUM&quot;,&quot;subscriptionStatusInfo&quot;:{&quot;allowPG&quot;:false,&quot;loginToastFlag&quot;:false,&quot;newUser&quot;:false,&quot;nonSubscribedToPack&quot;:false,&quot;nonSubscribedToSamePack&quot;:false,&quot;subscribedToSamePack&quot;:false},&quot;subscriptionType&quot;:&quot;FREEMIUM&quot;,&quot;sufficientBalance&quot;:true,&quot;totalPaidPackRenewal&quot;:&quot;0&quot;,&quot;userAuthenticateToken&quot;:&quot;M2ioCj2dEN6pTRj6rQXuvRaqOVUalxeV&quot;}</string>
    <int name="PREF_KEY_NUMBER_BA_ACCOUNT" value="1" />
    <boolean name="PREF_KEY_IS_TRAILER_AUTOPLAY" value="true" />
    <string name="PREF_GUEST_PREFERRED_LANGUAGES">[{&quot;id&quot;:7,&quot;name&quot;:&quot;English&quot;},{&quot;id&quot;:13,&quot;name&quot;:&quot;Hindi&quot;}]</string>
    <boolean name="IS_FIRST_TIME_LANGUAGE_POP_UP" value="false" />
    <string name="PREF_REF_PANEL_ID">3b6bdd0d497b4f93a72069053703a5ee</string>
    <string name="PREF_SUBSCRIPTION_TYPE">FREEMIUM</string>
    <set name="PREF_LANGAUAGES">
        <string>English</string>
        <string>Hindi</string>
    </set>
    <string name="SID">1006722957</string>
    <string name="PREF_KEY_DTH_STATUS_FREEMIUM">Non DTH User</string>
    <boolean name="PREF_KEY_MX_UPSELL_CLOSED" value="false" />
    <string name="PREF_RMN">7866076215</string>
    <boolean name="PREF_KEY_IS_MOE_USER_TRACKED" value="true" />
    <int name="PREF_KEY_APP_LAUNCH_COUNT_LOGGED_IN" value="0" />
    <int name="PREF_KEY_FIRESTICK_DIALOG_LAST_LAUNCH_VALUE" value="0" />
    <boolean name="PREF_KEY_START_LAUNCH_COUNT" value="true" />
    <boolean name="PREF_KEY_FIRESTICK_DIALOG_SHOWN_STATUS" value="true" />
    <string name="PREF_MIX_PANEL_ID">BINGE-98d80755fde9471b80ec58a75521434c</string>
    <string name="PREF_FETCHED_PROFILE_DATA">{&quot;data&quot;:{&quot;aliasName&quot;:&quot;&quot;,&quot;balance&quot;:&quot;&quot;,&quot;deviceType&quot;:&quot;&quot;,&quot;email&quot;:&quot;&quot;,&quot;expireDate&quot;:&quot;09/07/20&quot;,&quot;firstName&quot;:&quot;&quot;,&quot;baId&quot;:&quot;1006722957&quot;,&quot;profileImage&quot;:&quot;&quot;,&quot;autoPlayTrailer&quot;:true,&quot;transactionalNotification&quot;:true,&quot;watchNotification&quot;:true,&quot;languageList&quot;:[{&quot;id&quot;:&quot;7&quot;,&quot;name&quot;:&quot;English&quot;},{&quot;id&quot;:&quot;13&quot;,&quot;name&quot;:&quot;Hindi&quot;}],&quot;lastName&quot;:&quot;&quot;,&quot;planName&quot;:&quot;Standard 299&quot;,&quot;profileId&quot;:&quot;VR_12d176be638446179d7c19c92527522b&quot;,&quot;rechargeDueOn&quot;:&quot;&quot;,&quot;rmn&quot;:&quot;7866076215&quot;},&quot;code&quot;:0,&quot;message&quot;:&quot;Subscriber profile fetched successfully.&quot;,&quot;status&quot;:0}</string>
    <string name="PREF_BINGE_SID">2038455804</string>
    <boolean name="PREFS_TRANSACTIONAL_NOTIFICATION" value="true" />
    <string name="PREF_FETCHED_BALANCE_DATA">{&quot;code&quot;:0,&quot;message&quot;:&quot;Response fetched successfully.&quot;,&quot;status&quot;:0}</string>
    <string name="DEVICE_TOKEN">rAGo9Qm3mIg9zMHZKfJBbTraWrdOdoop</string>
    <boolean name="PREF_CONTENT_PLAYBACK_ALLOWED" value="true" />
    <string name="PREF_KEY_CLEAR_RMN">7866076215</string>
    <boolean name="PARENTAL_PIN_EXISTS_VALUE" value="false" />
    <string name="PREF_ANONYMOUS_ID">f6923132-f781-4dce-a165-92766bfb5acc</string>
    <string name="PREF_KEY_DTH_ACCOUNT_STATUS">Active</string>
    <long name="PREF_KEY_FIRESTICK_DIALOG_LAST_VISIBLE_TIME" value="0" />
    <string name="ORIGINAL_SID">7866076215</string>
    <string name="PREF_KEY_SELECTED_PROFILE">{&quot;aliasName&quot;:&quot;&quot;,&quot;bingeSubscriberId&quot;:&quot;&quot;,&quot;dthStatus&quot;:&quot;DTH With Binge Old Stack&quot;,&quot;emailId&quot;:&quot;&quot;,&quot;firstName&quot;:&quot;&quot;,&quot;firstTimeLogin&quot;:true,&quot;freeTrialAvailed&quot;:true,&quot;fsTaken&quot;:false,&quot;imageUrl&quot;:&quot;&quot;,&quot;lastName&quot;:&quot;&quot;,&quot;loginFreeTrialAvailed&quot;:true,&quot;migrated&quot;:false,&quot;bingeAccountCount&quot;:1,&quot;deviceLoginCount&quot;:1,&quot;parentalPinExist&quot;:true,&quot;rmn&quot;:&quot;7866076215&quot;,&quot;sufficientBalance&quot;:true}</string>
    <boolean name="PREF_KEY_SONY_LOGIN_AGAIN" value="true" />
    <boolean name="PREF_KEY_LOGIN_TYPE_PASSWORD" value="false" />
    <int name="PREF_KEY_GENERIC_APP_LAUNCH_COUNT_FOR_LOGGED_IN_USER" value="1" />
    <boolean name="UPDATE_IN_PACK" value="true" />
    <long name="PREF_KEY_LOGIN_TIMESTAMP" value="1766744246014" />
    <string name="PREF_KEY_PRIME_PACK">{&quot;packStatus&quot;:false,&quot;cancelled&quot;:false}</string>
    <string name="PREF_GUEST_PROFILE_ID">f6923132-f781-4dce-a165-92766bfb5acc</string>
</map>
