<?xml version='1.0' encoding='utf-8' standalone='yes' ?>
<map>
    <string name="MENU-BOTTOM:5R4-556-Z56Z">6|1766744225|1766744318</string>
    <string name="LOGIN-OTP-ENTER:5R4-556-Z56Z">1|1766744244|1766744244</string>
    <string name="LOGIN-OTP-INVOKE:5R4-556-Z56Z">1|1766744232|1766744232</string>
    <string name="LOGIN-ENTER:5R4-556-Z56Z">1|1766744230|1766744230</string>
    <string name="App Launched:5R4-556-Z56Z">2|1766744225|1766744318</string>
    <string name="LOGIN-SUCCESS:5R4-556-Z56Z">1|1766744246|1766744246</string>
</map>
