{"Fid":"dq88KNMoT3eRcl-QF5nWHv","Status":3,"AuthToken":"eyJhbGciOiJFUzI1NiIsInR5cCI6IkpXVCJ9.eyJhcHBJZCI6IjE6Mjk2NTU3NDMwMjc6YW5kcm9pZDplMzYwMTE2YTU0MGRkNjNjYWM0MTQ2IiwiZXhwIjoxNzY3MzUzNDQzLCJmaWQiOiJkcTg4S05Nb1QzZVJjbC1RRjVuV0h2IiwicHJvamVjdE51bWJlciI6Mjk2NTU3NDMwMjd9.AB2LPV8wRQIgHfWEovt6uv289qCCgsmUCBsyj4foNH52Nhf-4FKTKQICIQDfSGOq9ZppwO-FDlRVFLK-_6fW7Tn0spCX7PhPnJcmJA","RefreshToken":"3_AS3qfwJW1dRjQHLnD3p-JJWeCwQeK7yQP7c8b-2VZXulLC4IqrfREnrCUr57_HqUHwQW3uwau5kXbu49ieBDbXTTMArjDZgxtxvgFRj7J5498UI","TokenCreationEpochInSecs":1766748643,"ExpiresInSecs":604800}