<?xml version='1.0' encoding='utf-8' standalone='yes' ?>
<map>
    <int name="AF_CACHE_VERSION" value="1" />
    <string name="prev_event_name">HOME</string>
    <boolean name="didSendRevenueTriggerOnLastBackground" value="false" />
    <long name="prev_event_timestamp" value="1766718691982" />
    <int name="appsFlyerInAppEventCount" value="22" />
    <long name="prev_session_dur" value="11" />
    <string name="afUninstallToken">d9KsI4muT8mL4HuZt6uSbv:APA91bEZS7DzTyVFzaEacMZLUZmGaE2F3pWJOnkqJq3AYf7T_88tYfhKyGK_eGAQPgv6q1LcFrAV9fKcFd0HJDope-41e2v87-6CkymBnFI9qgazlqyc9Us</string>
    <long name="af_rc_max_age" value="86400" />
    <boolean name="ddl_sent" value="true" />
    <string name="sentSuccessfully">true</string>
    <boolean name="sentRegisterRequestToAF" value="true" />
    <string name="af_remote_config">eyJmZWF0dXJlcyI6e30sInZlciI6ImRlZmF1bHQudjEuMTYzNzE0OTUyOSJ9</string>
    <int name="versionCode" value="169" />
    <string name="savedProperties">{&quot;waitForCustomerId&quot;:&quot;false&quot;,&quot;AppUserId&quot;:&quot;BINGE-98d80755fde9471b80ec58a75521434c&quot;}</string>
    <string name="AF_INSTALLATION">1766717714923-1093214050339814621</string>
    <boolean name="afUninstallToken_queued" value="false" />
    <int name="appsFlyerCount" value="13" />
    <long name="af_rc_timestamp" value="1766717715205" />
    <long name="AppsFlyerTimePassedSincePrevLaunch" value="1766718698586" />
    <boolean name="newGPReferrerSent" value="true" />
    <string name="appsFlyerFirstInstall">2025-12-26_082515+0530</string>
    <long name="afUninstallToken_received_time" value="1766717718506" />
    <string name="attributionId">{&quot;install_time&quot;:&quot;2025-12-26 02:55:17.304&quot;,&quot;af_message&quot;:&quot;organic install&quot;,&quot;af_status&quot;:&quot;Organic&quot;,&quot;is_first_launch&quot;:false}</string>
</map>
