<?xml version='1.0' encoding='utf-8' standalone='yes' ?>
<map>
    <long name="com.rzmod.Raj.classes.cloneTimestamp" value="1766718588926" />
    <long name="com.facebook.appevents.SessionInfo.sessionStartTime" value="1766718672633" />
    <long name="com.facebook.appevents.SessionInfo.sessionEndTime" value="1766718699612" />
    <boolean name="bg_startup_tracing" value="false" />
    <int name="com.facebook.appevents.SessionInfo.interruptionCount" value="2" />
    <int name="com.rzmod.Raj.classes.originalInstallVersionCode" value="169" />
    <string name="com.facebook.appevents.SessionInfo.sessionId">a7d64848-c863-4643-8bd2-2605fd40a37c</string>
</map>
