<?xml version='1.0' encoding='utf-8' standalone='yes' ?>
<map>
    <boolean name="had_persisted_distinct_id" value="false" />
    <string name="super_properties">{&quot;USER-IDENTITY&quot;:&quot;BINGE-98d80755fde9471b80ec58a75521434c&quot;,&quot;RMN&quot;:&quot;7866076215&quot;,&quot;DEVICE-ID&quot;:&quot;a4ca974a2514dfb0&quot;,&quot;C-ID&quot;:&quot;2038455804&quot;,&quot;PLATFORM&quot;:&quot;Android&quot;,&quot;USER-TYPE&quot;:&quot;NON-TP&quot;,&quot;PRIME-ELIGIBLE&quot;:&quot;NO&quot;,&quot;PRIME-SELECTED&quot;:&quot;NA&quot;,&quot;ACTIVATED&quot;:&quot;NA&quot;,&quot;PRIME-ADD-ON-ACTIVATED&quot;:&quot;NA&quot;,&quot;PRIME-ADD-ON-ELIGIBLE&quot;:&quot;NO&quot;,&quot;PRIME-ADD-ON-SELECTED&quot;:&quot;NA&quot;,&quot;STACK&quot;:&quot;COMVIVA&quot;,&quot;SUBSCRIBED&quot;:&quot;NO&quot;,&quot;PACK-TYPE&quot;:&quot;FREEMIUM&quot;,&quot;PACK-NAME&quot;:&quot;FREEMIUM&quot;,&quot;PACK-TENURE&quot;:&quot;FREEMIUM&quot;,&quot;PACK-PRICE&quot;:&quot;0.00&quot;,&quot;PACK-ID&quot;:&quot;FREEMIUM&quot;,&quot;SID&quot;:[&quot;2038455804&quot;]}</string>
    <boolean name="events_user_id_present" value="true" />
    <string name="people_distinct_id">BINGE-98d80755fde9471b80ec58a75521434c</string>
    <string name="events_distinct_id">BINGE-98d80755fde9471b80ec58a75521434c</string>
    <string name="anonymous_id">c1afd78f-8bc1-4dd9-a23d-b572e110d4f1</string>
</map>
