<?xml version='1.0' encoding='utf-8' standalone='yes' ?>
<map>
    <boolean name="deep_link_retrieval_complete" value="true" />
    <long name="first_open_time" value="1766717714728" />
    <string name="gmp_app_id">1:29655743027:android:e360116a540dd63cac4146</string>
    <string name="app_instance_id">f0fcb8f39d82c42bfad90bb071d1c89a</string>
    <long name="deep_link_retrieval_attempts" value="1" />
    <long name="session_id" value="1766717715" />
    <boolean name="app_backgrounded" value="false" />
    <long name="health_monitor:start" value="1766717715086" />
    <boolean name="use_service" value="true" />
    <boolean name="deferred_analytics_collection" value="false" />
    <string name="previous_os_version">15</string>
    <boolean name="has_been_opened" value="true" />
    <boolean name="allow_remote_dynamite" value="true" />
    <long name="last_pause_time" value="1766718699614" />
    <boolean name="start_new_session" value="false" />
</map>
