<?xml version='1.0' encoding='utf-8' standalone='yes' ?>
<map>
    <long name="fire-count" value="1" />
    <string name="last-used-date">2025-12-26</string>
    <long name="fire-global" value="1766717714836" />
    <set name="device-name/V2513i fire-installations/18.0.0 device-brand/vivo android-min-sdk/24 kotlin/2.2.0 fire-abt/21.1.1 fire-android/35 android-installer/com.android.vending fire-core/21.0.0 fire-core-ktx/21.0.0 fire-fcm/24.1.2 fire-perf/21.0.5 fire-analytics/22.5.0 fire-rc/21.5.0 android-platform/ fire-sessions/2.1.2 android-target-sdk/27 fire-cls/19.4.4 device-model/V2513 fire-transport/19.0.0">
        <string>2025-12-26</string>
    </set>
</map>
