<?xml version='1.0' encoding='utf-8' standalone='yes' ?>
<map>
    <string name="kaInterval">60</string>
    <string name="reg_startupBuffDuration">-1</string>
    <string name="get_ip_address">152.59.164.182</string>
    <string name="reg_mitigation_id">a0f26710-c275-4a54-88fe-5ad25d391a97</string>
    <string name="mitigation_version">0.0.1</string>
    <string name="userActions">on</string>
    <string name="bu">https://beacon-qoe.tataplaybinge.com</string>
    <string name="qualityChanged">on</string>
    <string name="reg_rebufferingDuration">-1</string>
    <string name="renditionSwitch">on</string>
    <string name="bufferingStyle">continuous</string>
    <string name="mitigationTimestamp">1766718692</string>
    <string name="reg_estimatedDownloadRate">-1</string>
    <string name="ueid">7866076215</string>
    <string name="kcInterval">60</string>
    <string name="stalls">on</string>
</map>
