<?xml version='1.0' encoding='utf-8' standalone='yes' ?>
<map>
    <int name="d_ts" value="1766717718" />
    <int name="dh" value="-1019606055" />
    <int name="hgt" value="4" />
    <string name="av">4.2.27</string>
    <int name="v" value="2" />
    <int name="wdt" value="2" />
    <string name="j_n">ZWxhewUHBQM=</string>
    <string name="i_n">Y2NrfAUHCAA=</string>
    <int name="r_ts" value="1766718701" />
    <string name="id">5R4-556-Z56Z</string>
    <string name="k_n">DHhgewEIBQFiYmJ/dQc=</string>
    <string name="j_s">{}</string>
</map>
