<?xml version='1.0' encoding='utf-8' standalone='yes' ?>
<map>
    <int name="__triggers_1754286255" value="8" />
    <int name="__triggers_1754286078" value="8" />
    <int name="__triggers_1754288039" value="8" />
    <int name="__triggers_1754288217" value="8" />
    <int name="__triggers_1753868951" value="8" />
    <int name="__triggers_1754288277" value="8" />
    <int name="__triggers_1753868993" value="8" />
    <int name="__triggers_1753868917" value="8" />
    <int name="__triggers_1742536075" value="8" />
    <int name="__triggers_1763615052" value="8" />
    <int name="__triggers_1763363309" value="8" />
    <int name="__triggers_1759746548" value="8" />
    <int name="__triggers_1747049386" value="8" />
    <int name="__triggers_1754297468" value="8" />
    <int name="__triggers_1747126353" value="8" />
    <int name="__triggers_1754285865" value="8" />
    <int name="__triggers_1763539303" value="8" />
    <int name="__triggers_1759746640" value="8" />
    <int name="__triggers_1763536079" value="8" />
    <int name="__triggers_1759745924" value="8" />
    <int name="__triggers_1746701133" value="8" />
    <int name="__triggers_1753083623" value="8" />
    <int name="__triggers_1759745783" value="8" />
    <int name="__triggers_1759746454" value="8" />
    <int name="__triggers_1763639309" value="8" />
    <int name="__triggers_1742536011" value="8" />
    <int name="__triggers_1754298722" value="8" />
    <int name="__triggers_1763363894" value="8" />
    <int name="__triggers_1764144352" value="8" />
    <int name="__triggers_1766144502" value="8" />
    <int name="__triggers_1763536325" value="8" />
    <int name="__triggers_1763537876" value="8" />
    <int name="__triggers_1764144493" value="8" />
    <int name="__triggers_1759746397" value="8" />
    <int name="__triggers_1754288108" value="8" />
    <int name="__triggers_1765258808" value="8" />
    <int name="__triggers_1754297592" value="8" />
</map>
