<?xml version='1.0' encoding='utf-8' standalone='yes' ?>
<map>
    <boolean name="ssInAppMigrated:5R4-556-Z56Z" value="true" />
    <string name="ict_date:__b5b4fc0ed56f4c419143cabac441e49b:5R4-556-Z56Z">26122025</string>
    <string name="pfworkid">5R4-556-Z56Z</string>
    <string name="SP_KEY_PROFILE_IDENTITIES:5R4-556-Z56Z">Email,Identity</string>
    <int name="imc:__b5b4fc0ed56f4c419143cabac441e49b:5R4-556-Z56Z" value="1" />
    <int name="encryptionLevel:5R4-556-Z56Z" value="0" />
    <int name="comms_last_ts:5R4-556-Z56Z" value="1766718701" />
    <int name="istmcd_inapp:__b5b4fc0ed56f4c419143cabac441e49b:5R4-556-Z56Z" value="25" />
    <int name="cachedGUIDsLengthKey:5R4-556-Z56Z" value="3" />
    <string name="deviceId:5R4-556-Z56Z">__b5b4fc0ed56f4c419143cabac441e49b</string>
    <int name="istc_inapp:__b5b4fc0ed56f4c419143cabac441e49b:5R4-556-Z56Z" value="1" />
    <int name="encryptionMigrationFailureCount:5R4-556-Z56Z" value="0" />
    <int name="sexe:5R4-556-Z56Z" value="1766718699" />
    <string name="cachedGUIDsKey:5R4-556-Z56Z">{&quot;Email_&quot;:&quot;__b5b4fc0ed56f4c419143cabac441e49b&quot;,&quot;EMAIL_&quot;:&quot;__b5b4fc0ed56f4c419143cabac441e49b&quot;,&quot;Identity_2038455804&quot;:&quot;__b5b4fc0ed56f4c419143cabac441e49b&quot;}</string>
    <int name="comms_first_ts:5R4-556-Z56Z" value="1766717717" />
    <boolean name="NetworkInfo:5R4-556-Z56Z" value="true" />
    <string name="fcm_token:5R4-556-Z56Z">d9KsI4muT8mL4HuZt6uSbv:APA91bEZS7DzTyVFzaEacMZLUZmGaE2F3pWJOnkqJq3AYf7T_88tYfhKyGK_eGAQPgv6q1LcFrAV9fKcFd0HJDope-41e2v87-6CkymBnFI9qgazlqyc9Us</string>
    <string name="instance:5R4-556-Z56Z">{&quot;accountId&quot;:&quot;5R4-556-Z56Z&quot;,&quot;accountToken&quot;:&quot;655-425&quot;,&quot;accountRegion&quot;:&quot;in1&quot;,&quot;analyticsOnly&quot;:false,&quot;isDefaultInstance&quot;:true,&quot;useGoogleAdId&quot;:false,&quot;disableAppLaunchedEvent&quot;:false,&quot;personalization&quot;:true,&quot;debugLevel&quot;:0,&quot;createdPostAppLaunch&quot;:false,&quot;sslPinning&quot;:false,&quot;backgroundSync&quot;:true,&quot;getEnableCustomCleverTapId&quot;:false,&quot;beta&quot;:false,&quot;encryptionLevel&quot;:0,&quot;allowedPushTypes&quot;:[]}</string>
    <int name="lastSessionId:5R4-556-Z56Z" value="1766718672" />
    <long name="last_assets_cleanup" value="1766717717867" />
</map>
