{"Fid":"dSiPULXTSTiL5AFdQ_06rl","Status":3,"AuthToken":"eyJhbGciOiJFUzI1NiIsInR5cCI6IkpXVCJ9.eyJhcHBJZCI6IjE6OTE2Mjc3MTU2NDgyOmFuZHJvaWQ6MmExODk2NGQ4MzllZTE3YSIsImV4cCI6MTc2NjcyNTcwNywiZmlkIjoiZFNpUFVMWFRTVGlMNUFGZFFfMDZybCIsInByb2plY3ROdW1iZXIiOjkxNjI3NzE1NjQ4Mn0.AB2LPV8wRgIhALcVHHnHyaN4t9UO5Y03ktGIuYOXilAIXy3mBk0Dh9xWAiEAq1U1ydiru-5m5a8b5FAi5hWknZ3jidj3l71wriQM7lY","RefreshToken":"3_AS3qfwL4z2ERiarCl0tyLTDzrg2Q3nqv9PnP_0xIxiznYrdr2r56EsPXJlArH32jScMTQ1WwGOLzuahmUBvxLv2hxjEWxoFCgNmP0-vqR1TnXY4","TokenCreationEpochInSecs":1766120906,"ExpiresInSecs":604800}