{"Fid":"d_qW2wU8R-GT3lTAVKn__o","Status":3,"AuthToken":"eyJhbGciOiJFUzI1NiIsInR5cCI6IkpXVCJ9.eyJhcHBJZCI6IjE6Mjk2NTU3NDMwMjc6YW5kcm9pZDplMzYwMTE2YTU0MGRkNjNjYWM0MTQ2IiwiZXhwIjoxNzY3MzMwNzAyLCJmaWQiOiJkX3FXMndVOFItR1QzbFRBVktuX19vIiwicHJvamVjdE51bWJlciI6Mjk2NTU3NDMwMjd9.AB2LPV8wRgIhAPWy0KrqiwqXTSZ0uAgdyAlL_6r1loGJ43w9Dr5BKaclAiEA9bGEUlr05xlLVTWvtX09XJZUoKJIj4n9qWEb-86nWQg","RefreshToken":"3_AS3qfwJz-NjdQnQstXxn4ruom29DTajkARmu-BzE3bfsokZPYewBIgGrSpvJKFFqkfYsVIGmxR4wTiaa0pzDfTUUilPr1kpMUCnF85TvZTylzPA","TokenCreationEpochInSecs":1766725902,"ExpiresInSecs":604800}