<?xml version='1.0' encoding='utf-8' standalone='yes' ?>
<map>
    <int name="d_ts" value="1766726341" />
    <int name="dh" value="-673723292" />
    <int name="hgt" value="4" />
    <string name="av"> 4.2.29</string>
    <int name="v" value="2" />
    <int name="wdt" value="2" />
    <string name="j_n">Y2NrfQECBgM=</string>
    <string name="i_n">Y2NrfQECBgM=</string>
    <int name="r_ts" value="1766726342" />
    <string name="id">5R4-556-Z56Z</string>
    <string name="k_n">DHhreAMFBQBmaWd6dQc=</string>
    <string name="j_s">{}</string>
</map>
